date,id,confirmed,status,abbrev,lat,lng,n,timestamp,name,no,abbr,population,taux,perc
2020-03-07,AG,0.0,,AG,47.3876664,8.1554295,0.0,2020-03-07,Argovie,19,AG,678207,0.0,0.0
2020-03-08,AG,0.0,,AG,47.3876664,8.1554295,0.0,2020-03-08,Argovie,19,AG,678207,0.0,0.0
2020-03-09,AG,14.0,,AG,47.3876664,8.1554295,14.0,2020-03-09,Argovie,19,AG,678207,2.1,0.002
2020-03-10,AG,17.0,,AG,47.3876664,8.1554295,17.0,2020-03-10,Argovie,19,AG,678207,2.5,0.002
2020-03-11,AG,18.0,,AG,47.3876664,8.1554295,18.0,2020-03-11,Argovie,19,AG,678207,2.7,0.003
2020-03-12,AG,27.0,,AG,47.3876664,8.1554295,27.0,2020-03-12,Argovie,19,AG,678207,4.0,0.004
2020-03-13,AG,32.0,,AG,47.3876664,8.1554295,32.0,2020-03-13,Argovie,19,AG,678207,4.7,0.005
2020-03-14,AG,32.0,Données manquantes,AG,47.3876664,8.1554295,32.0,2020-03-14,Argovie,19,AG,678207,4.7,0.005
2020-03-15,AG,32.0,Données manquantes,AG,47.3876664,8.1554295,32.0,2020-03-15,Argovie,19,AG,678207,4.7,0.005
2020-03-16,AG,52.0,,AG,47.3876664,8.1554295,52.0,2020-03-16,Argovie,19,AG,678207,7.7,0.008
2020-03-17,AG,67.0,,AG,47.3876664,8.1554295,67.0,2020-03-17,Argovie,19,AG,678207,9.9,0.01
2020-03-18,AG,101.0,,AG,47.3876664,8.1554295,101.0,2020-03-18,Argovie,19,AG,678207,14.9,0.015
2020-03-19,AG,118.0,,AG,47.3876664,8.1554295,118.0,2020-03-19,Argovie,19,AG,678207,17.4,0.017
2020-03-20,AG,168.0,,AG,47.3876664,8.1554295,168.0,2020-03-20,Argovie,19,AG,678207,24.8,0.025
2020-03-21,AG,168.0,Données manquantes,AG,47.3876664,8.1554295,168.0,2020-03-21,Argovie,19,AG,678207,24.8,0.025
2020-03-22,AG,232.0,,AG,47.3876664,8.1554295,232.0,2020-03-22,Argovie,19,AG,678207,34.2,0.034
2020-03-23,AG,241.0,,AG,47.3876664,8.1554295,241.0,2020-03-23,Argovie,19,AG,678207,35.5,0.036
2020-03-24,AG,266.0,,AG,47.3876664,8.1554295,266.0,2020-03-24,Argovie,19,AG,678207,39.2,0.039
2020-03-25,AG,319.0,,AG,47.3876664,8.1554295,319.0,2020-03-25,Argovie,19,AG,678207,47.0,0.047
2020-03-26,AG,349.0,,AG,47.3876664,8.1554295,349.0,2020-03-26,Argovie,19,AG,678207,51.5,0.052
2020-03-27,AG,364.0,,AG,47.3876664,8.1554295,364.0,2020-03-27,Argovie,19,AG,678207,53.7,0.054
2020-03-28,AG,364.0,Données manquantes,AG,47.3876664,8.1554295,364.0,2020-03-28,Argovie,19,AG,678207,53.7,0.054
2020-03-29,AG,364.0,Données manquantes,AG,47.3876664,8.1554295,364.0,2020-03-29,Argovie,19,AG,678207,53.7,0.054
2020-03-30,AG,481.0,,AG,47.3876664,8.1554295,481.0,2020-03-30,Argovie,19,AG,678207,70.9,0.071
2020-03-31,AG,499.0,,AG,47.3876664,8.1554295,499.0,2020-03-31,Argovie,19,AG,678207,73.6,0.074
2020-04-01,AG,549.0,,AG,47.3876664,8.1554295,549.0,2020-04-01,Argovie,19,AG,678207,80.9,0.081
2020-04-02,AG,592.0,,AG,47.3876664,8.1554295,592.0,2020-04-02,Argovie,19,AG,678207,87.3,0.087
2020-04-03,AG,626.0,,AG,47.3876664,8.1554295,626.0,2020-04-03,Argovie,19,AG,678207,92.3,0.092
2020-04-04,AG,626.0,Données manquantes,AG,47.3876664,8.1554295,626.0,2020-04-04,Argovie,19,AG,678207,92.3,0.092
2020-04-05,AG,626.0,Données manquantes,AG,47.3876664,8.1554295,626.0,2020-04-05,Argovie,19,AG,678207,92.3,0.092
2020-04-06,AG,727.0,,AG,47.3876664,8.1554295,727.0,2020-04-06,Argovie,19,AG,678207,107.2,0.107
2020-04-07,AG,760.0,,AG,47.3876664,8.1554295,760.0,2020-04-07,Argovie,19,AG,678207,112.1,0.112
2020-03-07,AI,0.0,,AI,47.3161925,9.6316573,0.0,2020-03-07,Appenzell Rhodes-Intérieures,16,AI,16145,0.0,0.0
2020-03-08,AI,0.0,,AI,47.3161925,9.6316573,0.0,2020-03-08,Appenzell Rhodes-Intérieures,16,AI,16145,0.0,0.0
2020-03-09,AI,0.0,,AI,47.3161925,9.6316573,0.0,2020-03-09,Appenzell Rhodes-Intérieures,16,AI,16145,0.0,0.0
2020-03-10,AI,0.0,,AI,47.3161925,9.6316573,0.0,2020-03-10,Appenzell Rhodes-Intérieures,16,AI,16145,0.0,0.0
2020-03-11,AI,0.0,,AI,47.3161925,9.6316573,0.0,2020-03-11,Appenzell Rhodes-Intérieures,16,AI,16145,0.0,0.0
2020-03-12,AI,0.0,,AI,47.3161925,9.6316573,0.0,2020-03-12,Appenzell Rhodes-Intérieures,16,AI,16145,0.0,0.0
2020-03-13,AI,0.0,,AI,47.3161925,9.6316573,0.0,2020-03-13,Appenzell Rhodes-Intérieures,16,AI,16145,0.0,0.0
2020-03-14,AI,2.0,,AI,47.3161925,9.6316573,2.0,2020-03-14,Appenzell Rhodes-Intérieures,16,AI,16145,12.4,0.012
2020-03-15,AI,2.0,Données manquantes,AI,47.3161925,9.6316573,2.0,2020-03-15,Appenzell Rhodes-Intérieures,16,AI,16145,12.4,0.012
2020-03-16,AI,4.0,,AI,47.3161925,9.6316573,4.0,2020-03-16,Appenzell Rhodes-Intérieures,16,AI,16145,24.8,0.025
2020-03-17,AI,5.0,,AI,47.3161925,9.6316573,5.0,2020-03-17,Appenzell Rhodes-Intérieures,16,AI,16145,31.0,0.031
2020-03-18,AI,5.0,Données manquantes,AI,47.3161925,9.6316573,5.0,2020-03-18,Appenzell Rhodes-Intérieures,16,AI,16145,31.0,0.031
2020-03-19,AI,6.0,,AI,47.3161925,9.6316573,6.0,2020-03-19,Appenzell Rhodes-Intérieures,16,AI,16145,37.2,0.037
2020-03-20,AI,6.0,Données manquantes,AI,47.3161925,9.6316573,6.0,2020-03-20,Appenzell Rhodes-Intérieures,16,AI,16145,37.2,0.037
2020-03-21,AI,6.0,Données manquantes,AI,47.3161925,9.6316573,6.0,2020-03-21,Appenzell Rhodes-Intérieures,16,AI,16145,37.2,0.037
2020-03-22,AI,6.0,Données manquantes,AI,47.3161925,9.6316573,6.0,2020-03-22,Appenzell Rhodes-Intérieures,16,AI,16145,37.2,0.037
2020-03-23,AI,6.0,Données manquantes,AI,47.3161925,9.6316573,6.0,2020-03-23,Appenzell Rhodes-Intérieures,16,AI,16145,37.2,0.037
2020-03-24,AI,8.0,,AI,47.3161925,9.6316573,8.0,2020-03-24,Appenzell Rhodes-Intérieures,16,AI,16145,49.6,0.05
2020-03-25,AI,9.0,,AI,47.3161925,9.6316573,9.0,2020-03-25,Appenzell Rhodes-Intérieures,16,AI,16145,55.7,0.056
2020-03-26,AI,11.0,,AI,47.3161925,9.6316573,11.0,2020-03-26,Appenzell Rhodes-Intérieures,16,AI,16145,68.1,0.068
2020-03-27,AI,12.0,,AI,47.3161925,9.6316573,12.0,2020-03-27,Appenzell Rhodes-Intérieures,16,AI,16145,74.3,0.074
2020-03-28,AI,13.0,,AI,47.3161925,9.6316573,13.0,2020-03-28,Appenzell Rhodes-Intérieures,16,AI,16145,80.5,0.08
2020-03-29,AI,13.0,Données manquantes,AI,47.3161925,9.6316573,13.0,2020-03-29,Appenzell Rhodes-Intérieures,16,AI,16145,80.5,0.08
2020-03-30,AI,14.0,,AI,47.3161925,9.6316573,14.0,2020-03-30,Appenzell Rhodes-Intérieures,16,AI,16145,86.7,0.087
2020-03-31,AI,14.0,,AI,47.3161925,9.6316573,14.0,2020-03-31,Appenzell Rhodes-Intérieures,16,AI,16145,86.7,0.087
2020-04-01,AI,14.0,Données manquantes,AI,47.3161925,9.6316573,14.0,2020-04-01,Appenzell Rhodes-Intérieures,16,AI,16145,86.7,0.087
2020-04-02,AI,20.0,,AI,47.3161925,9.6316573,20.0,2020-04-02,Appenzell Rhodes-Intérieures,16,AI,16145,123.9,0.124
2020-04-03,AI,20.0,,AI,47.3161925,9.6316573,20.0,2020-04-03,Appenzell Rhodes-Intérieures,16,AI,16145,123.9,0.124
2020-04-04,AI,21.0,,AI,47.3161925,9.6316573,21.0,2020-04-04,Appenzell Rhodes-Intérieures,16,AI,16145,130.1,0.13
2020-04-05,AI,21.0,Données manquantes,AI,47.3161925,9.6316573,21.0,2020-04-05,Appenzell Rhodes-Intérieures,16,AI,16145,130.1,0.13
2020-04-06,AI,21.0,,AI,47.3161925,9.6316573,21.0,2020-04-06,Appenzell Rhodes-Intérieures,16,AI,16145,130.1,0.13
2020-04-07,AI,21.0,,AI,47.3161925,9.6316573,21.0,2020-04-07,Appenzell Rhodes-Intérieures,16,AI,16145,130.1,0.13
2020-03-07,AR,0.0,,AR,47.366481,9.3000916,0.0,2020-03-07,Appenzell Rhodes-Extérieures,15,AR,55234,0.0,0.0
2020-03-08,AR,0.0,,AR,47.366481,9.3000916,0.0,2020-03-08,Appenzell Rhodes-Extérieures,15,AR,55234,0.0,0.0
2020-03-09,AR,2.0,,AR,47.366481,9.3000916,2.0,2020-03-09,Appenzell Rhodes-Extérieures,15,AR,55234,3.6,0.004
2020-03-10,AR,2.0,Données manquantes,AR,47.366481,9.3000916,2.0,2020-03-10,Appenzell Rhodes-Extérieures,15,AR,55234,3.6,0.004
2020-03-11,AR,2.0,Données manquantes,AR,47.366481,9.3000916,2.0,2020-03-11,Appenzell Rhodes-Extérieures,15,AR,55234,3.6,0.004
2020-03-12,AR,5.0,,AR,47.366481,9.3000916,5.0,2020-03-12,Appenzell Rhodes-Extérieures,15,AR,55234,9.1,0.009
2020-03-13,AR,5.0,Données manquantes,AR,47.366481,9.3000916,5.0,2020-03-13,Appenzell Rhodes-Extérieures,15,AR,55234,9.1,0.009
2020-03-14,AR,5.0,Données manquantes,AR,47.366481,9.3000916,5.0,2020-03-14,Appenzell Rhodes-Extérieures,15,AR,55234,9.1,0.009
2020-03-15,AR,5.0,Données manquantes,AR,47.366481,9.3000916,5.0,2020-03-15,Appenzell Rhodes-Extérieures,15,AR,55234,9.1,0.009
2020-03-16,AR,5.0,Données manquantes,AR,47.366481,9.3000916,5.0,2020-03-16,Appenzell Rhodes-Extérieures,15,AR,55234,9.1,0.009
2020-03-17,AR,5.0,Données manquantes,AR,47.366481,9.3000916,5.0,2020-03-17,Appenzell Rhodes-Extérieures,15,AR,55234,9.1,0.009
2020-03-18,AR,11.0,,AR,47.366481,9.3000916,11.0,2020-03-18,Appenzell Rhodes-Extérieures,15,AR,55234,19.9,0.02
2020-03-19,AR,11.0,Données manquantes,AR,47.366481,9.3000916,11.0,2020-03-19,Appenzell Rhodes-Extérieures,15,AR,55234,19.9,0.02
2020-03-20,AR,11.0,Données manquantes,AR,47.366481,9.3000916,11.0,2020-03-20,Appenzell Rhodes-Extérieures,15,AR,55234,19.9,0.02
2020-03-21,AR,11.0,Données manquantes,AR,47.366481,9.3000916,11.0,2020-03-21,Appenzell Rhodes-Extérieures,15,AR,55234,19.9,0.02
2020-03-22,AR,11.0,Données manquantes,AR,47.366481,9.3000916,11.0,2020-03-22,Appenzell Rhodes-Extérieures,15,AR,55234,19.9,0.02
2020-03-23,AR,30.0,,AR,47.366481,9.3000916,30.0,2020-03-23,Appenzell Rhodes-Extérieures,15,AR,55234,54.3,0.054
2020-03-24,AR,33.0,,AR,47.366481,9.3000916,33.0,2020-03-24,Appenzell Rhodes-Extérieures,15,AR,55234,59.7,0.06
2020-03-25,AR,34.0,,AR,47.366481,9.3000916,34.0,2020-03-25,Appenzell Rhodes-Extérieures,15,AR,55234,61.6,0.062
2020-03-26,AR,42.0,,AR,47.366481,9.3000916,42.0,2020-03-26,Appenzell Rhodes-Extérieures,15,AR,55234,76.0,0.076
2020-03-27,AR,44.0,,AR,47.366481,9.3000916,44.0,2020-03-27,Appenzell Rhodes-Extérieures,15,AR,55234,79.7,0.08
2020-03-28,AR,45.0,,AR,47.366481,9.3000916,45.0,2020-03-28,Appenzell Rhodes-Extérieures,15,AR,55234,81.5,0.082
2020-03-29,AR,48.0,,AR,47.366481,9.3000916,48.0,2020-03-29,Appenzell Rhodes-Extérieures,15,AR,55234,86.9,0.087
2020-03-30,AR,50.0,,AR,47.366481,9.3000916,50.0,2020-03-30,Appenzell Rhodes-Extérieures,15,AR,55234,90.5,0.09
2020-03-31,AR,58.0,,AR,47.366481,9.3000916,58.0,2020-03-31,Appenzell Rhodes-Extérieures,15,AR,55234,105.0,0.105
2020-04-01,AR,61.0,,AR,47.366481,9.3000916,61.0,2020-04-01,Appenzell Rhodes-Extérieures,15,AR,55234,110.4,0.11
2020-04-02,AR,64.0,,AR,47.366481,9.3000916,64.0,2020-04-02,Appenzell Rhodes-Extérieures,15,AR,55234,115.9,0.116
2020-04-03,AR,65.0,,AR,47.366481,9.3000916,65.0,2020-04-03,Appenzell Rhodes-Extérieures,15,AR,55234,117.7,0.118
2020-04-04,AR,66.0,,AR,47.366481,9.3000916,66.0,2020-04-04,Appenzell Rhodes-Extérieures,15,AR,55234,119.5,0.12
2020-04-05,AR,67.0,,AR,47.366481,9.3000916,67.0,2020-04-05,Appenzell Rhodes-Extérieures,15,AR,55234,121.3,0.121
2020-04-06,AR,69.0,,AR,47.366481,9.3000916,69.0,2020-04-06,Appenzell Rhodes-Extérieures,15,AR,55234,124.9,0.125
2020-04-07,AR,69.0,,AR,47.366481,9.3000916,69.0,2020-04-07,Appenzell Rhodes-Extérieures,15,AR,55234,124.9,0.125
2020-03-07,BE,0.0,,BE,46.9479739,7.5474468,0.0,2020-03-07,Berne,2,BE,1034977,0.0,0.0
2020-03-08,BE,0.0,,BE,46.9479739,7.5474468,0.0,2020-03-08,Berne,2,BE,1034977,0.0,0.0
2020-03-09,BE,34.0,,BE,46.9479739,7.5474468,34.0,2020-03-09,Berne,2,BE,1034977,3.3,0.003
2020-03-10,BE,34.0,Données manquantes,BE,46.9479739,7.5474468,34.0,2020-03-10,Berne,2,BE,1034977,3.3,0.003
2020-03-11,BE,34.0,Données manquantes,BE,46.9479739,7.5474468,34.0,2020-03-11,Berne,2,BE,1034977,3.3,0.003
2020-03-12,BE,34.0,Données manquantes,BE,46.9479739,7.5474468,34.0,2020-03-12,Berne,2,BE,1034977,3.3,0.003
2020-03-13,BE,34.0,Données manquantes,BE,46.9479739,7.5474468,34.0,2020-03-13,Berne,2,BE,1034977,3.3,0.003
2020-03-14,BE,34.0,Données manquantes,BE,46.9479739,7.5474468,34.0,2020-03-14,Berne,2,BE,1034977,3.3,0.003
2020-03-15,BE,34.0,Données manquantes,BE,46.9479739,7.5474468,34.0,2020-03-15,Berne,2,BE,1034977,3.3,0.003
2020-03-16,BE,123.0,,BE,46.9479739,7.5474468,123.0,2020-03-16,Berne,2,BE,1034977,11.9,0.012
2020-03-17,BE,123.0,Données manquantes,BE,46.9479739,7.5474468,123.0,2020-03-17,Berne,2,BE,1034977,11.9,0.012
2020-03-18,BE,193.0,,BE,46.9479739,7.5474468,193.0,2020-03-18,Berne,2,BE,1034977,18.6,0.019
2020-03-19,BE,282.0,,BE,46.9479739,7.5474468,282.0,2020-03-19,Berne,2,BE,1034977,27.2,0.027
2020-03-20,BE,377.0,,BE,46.9479739,7.5474468,377.0,2020-03-20,Berne,2,BE,1034977,36.4,0.036
2020-03-21,BE,418.0,,BE,46.9479739,7.5474468,418.0,2020-03-21,Berne,2,BE,1034977,40.4,0.04
2020-03-22,BE,418.0,Données manquantes,BE,46.9479739,7.5474468,418.0,2020-03-22,Berne,2,BE,1034977,40.4,0.04
2020-03-23,BE,470.0,,BE,46.9479739,7.5474468,470.0,2020-03-23,Berne,2,BE,1034977,45.4,0.045
2020-03-24,BE,532.0,,BE,46.9479739,7.5474468,532.0,2020-03-24,Berne,2,BE,1034977,51.4,0.051
2020-03-25,BE,624.0,,BE,46.9479739,7.5474468,624.0,2020-03-25,Berne,2,BE,1034977,60.3,0.06
2020-03-26,BE,660.0,,BE,46.9479739,7.5474468,660.0,2020-03-26,Berne,2,BE,1034977,63.8,0.064
2020-03-27,BE,718.0,,BE,46.9479739,7.5474468,718.0,2020-03-27,Berne,2,BE,1034977,69.4,0.069
2020-03-28,BE,767.0,,BE,46.9479739,7.5474468,767.0,2020-03-28,Berne,2,BE,1034977,74.1,0.074
2020-03-29,BE,798.0,,BE,46.9479739,7.5474468,798.0,2020-03-29,Berne,2,BE,1034977,77.1,0.077
2020-03-30,BE,826.0,,BE,46.9479739,7.5474468,826.0,2020-03-30,Berne,2,BE,1034977,79.8,0.08
2020-03-31,BE,856.0,,BE,46.9479739,7.5474468,856.0,2020-03-31,Berne,2,BE,1034977,82.7,0.083
2020-04-01,BE,909.0,,BE,46.9479739,7.5474468,909.0,2020-04-01,Berne,2,BE,1034977,87.8,0.088
2020-04-02,BE,1003.0,,BE,46.9479739,7.5474468,1003.0,2020-04-02,Berne,2,BE,1034977,96.9,0.097
2020-04-03,BE,1073.0,,BE,46.9479739,7.5474468,1073.0,2020-04-03,Berne,2,BE,1034977,103.7,0.104
2020-04-04,BE,1106.0,,BE,46.9479739,7.5474468,1106.0,2020-04-04,Berne,2,BE,1034977,106.9,0.107
2020-04-05,BE,1137.0,,BE,46.9479739,7.5474468,1137.0,2020-04-05,Berne,2,BE,1034977,109.9,0.11
2020-04-06,BE,1173.0,,BE,46.9479739,7.5474468,1173.0,2020-04-06,Berne,2,BE,1034977,113.3,0.113
2020-04-07,BE,1228.0,,BE,46.9479739,7.5474468,1228.0,2020-04-07,Berne,2,BE,1034977,118.6,0.119
2020-03-07,BL,15.0,,BL,47.4418122,7.7644002,15.0,2020-03-07,Bâle-Campagne,13,BL,288132,5.2,0.005
2020-03-08,BL,19.0,,BL,47.4418122,7.7644002,19.0,2020-03-08,Bâle-Campagne,13,BL,288132,6.6,0.007
2020-03-09,BL,20.0,,BL,47.4418122,7.7644002,20.0,2020-03-09,Bâle-Campagne,13,BL,288132,6.9,0.007
2020-03-10,BL,22.0,,BL,47.4418122,7.7644002,22.0,2020-03-10,Bâle-Campagne,13,BL,288132,7.6,0.008
2020-03-11,BL,26.0,,BL,47.4418122,7.7644002,26.0,2020-03-11,Bâle-Campagne,13,BL,288132,9.0,0.009
2020-03-12,BL,26.0,,BL,47.4418122,7.7644002,26.0,2020-03-12,Bâle-Campagne,13,BL,288132,9.0,0.009
2020-03-13,BL,42.0,,BL,47.4418122,7.7644002,42.0,2020-03-13,Bâle-Campagne,13,BL,288132,14.6,0.015
2020-03-14,BL,47.0,,BL,47.4418122,7.7644002,47.0,2020-03-14,Bâle-Campagne,13,BL,288132,16.3,0.016
2020-03-15,BL,54.0,,BL,47.4418122,7.7644002,54.0,2020-03-15,Bâle-Campagne,13,BL,288132,18.7,0.019
2020-03-16,BL,76.0,,BL,47.4418122,7.7644002,76.0,2020-03-16,Bâle-Campagne,13,BL,288132,26.4,0.026
2020-03-17,BL,89.0,,BL,47.4418122,7.7644002,89.0,2020-03-17,Bâle-Campagne,13,BL,288132,30.9,0.031
2020-03-18,BL,116.0,,BL,47.4418122,7.7644002,116.0,2020-03-18,Bâle-Campagne,13,BL,288132,40.3,0.04
2020-03-19,BL,134.0,,BL,47.4418122,7.7644002,134.0,2020-03-19,Bâle-Campagne,13,BL,288132,46.5,0.046
2020-03-20,BL,184.0,,BL,47.4418122,7.7644002,184.0,2020-03-20,Bâle-Campagne,13,BL,288132,63.9,0.064
2020-03-21,BL,282.0,,BL,47.4418122,7.7644002,282.0,2020-03-21,Bâle-Campagne,13,BL,288132,97.9,0.098
2020-03-22,BL,289.0,,BL,47.4418122,7.7644002,289.0,2020-03-22,Bâle-Campagne,13,BL,288132,100.3,0.1
2020-03-23,BL,302.0,,BL,47.4418122,7.7644002,302.0,2020-03-23,Bâle-Campagne,13,BL,288132,104.8,0.105
2020-03-24,BL,306.0,,BL,47.4418122,7.7644002,306.0,2020-03-24,Bâle-Campagne,13,BL,288132,106.2,0.106
2020-03-25,BL,341.0,,BL,47.4418122,7.7644002,341.0,2020-03-25,Bâle-Campagne,13,BL,288132,118.3,0.118
2020-03-26,BL,422.0,,BL,47.4418122,7.7644002,422.0,2020-03-26,Bâle-Campagne,13,BL,288132,146.5,0.146
2020-03-27,BL,466.0,,BL,47.4418122,7.7644002,466.0,2020-03-27,Bâle-Campagne,13,BL,288132,161.7,0.162
2020-03-28,BL,502.0,,BL,47.4418122,7.7644002,502.0,2020-03-28,Bâle-Campagne,13,BL,288132,174.2,0.174
2020-03-29,BL,511.0,,BL,47.4418122,7.7644002,511.0,2020-03-29,Bâle-Campagne,13,BL,288132,177.3,0.177
2020-03-30,BL,539.0,,BL,47.4418122,7.7644002,539.0,2020-03-30,Bâle-Campagne,13,BL,288132,187.1,0.187
2020-03-31,BL,561.0,,BL,47.4418122,7.7644002,561.0,2020-03-31,Bâle-Campagne,13,BL,288132,194.7,0.195
2020-04-01,BL,588.0,,BL,47.4418122,7.7644002,588.0,2020-04-01,Bâle-Campagne,13,BL,288132,204.1,0.204
2020-04-02,BL,610.0,,BL,47.4418122,7.7644002,610.0,2020-04-02,Bâle-Campagne,13,BL,288132,211.7,0.212
2020-04-03,BL,625.0,,BL,47.4418122,7.7644002,625.0,2020-04-03,Bâle-Campagne,13,BL,288132,216.9,0.217
2020-04-04,BL,656.0,,BL,47.4418122,7.7644002,656.0,2020-04-04,Bâle-Campagne,13,BL,288132,227.7,0.228
2020-04-05,BL,670.0,,BL,47.4418122,7.7644002,670.0,2020-04-05,Bâle-Campagne,13,BL,288132,232.5,0.232
2020-04-06,BL,682.0,,BL,47.4418122,7.7644002,682.0,2020-04-06,Bâle-Campagne,13,BL,288132,236.7,0.237
2020-04-07,BL,690.0,,BL,47.4418122,7.7644002,690.0,2020-04-07,Bâle-Campagne,13,BL,288132,239.5,0.24
2020-03-07,BS,21.0,,BS,47.5619253,7.592768,21.0,2020-03-07,Bâle-Ville,12,BS,194766,10.8,0.011
2020-03-08,BS,24.0,,BS,47.5619253,7.592768,24.0,2020-03-08,Bâle-Ville,12,BS,194766,12.3,0.012
2020-03-09,BS,28.0,,BS,47.5619253,7.592768,28.0,2020-03-09,Bâle-Ville,12,BS,194766,14.4,0.014
2020-03-10,BS,33.0,,BS,47.5619253,7.592768,33.0,2020-03-10,Bâle-Ville,12,BS,194766,16.9,0.017
2020-03-11,BS,49.0,,BS,47.5619253,7.592768,49.0,2020-03-11,Bâle-Ville,12,BS,194766,25.2,0.025
2020-03-12,BS,73.0,,BS,47.5619253,7.592768,73.0,2020-03-12,Bâle-Ville,12,BS,194766,37.5,0.038
2020-03-13,BS,92.0,,BS,47.5619253,7.592768,92.0,2020-03-13,Bâle-Ville,12,BS,194766,47.2,0.047
2020-03-14,BS,100.0,,BS,47.5619253,7.592768,100.0,2020-03-14,Bâle-Ville,12,BS,194766,51.3,0.051
2020-03-15,BS,100.0,Données manquantes,BS,47.5619253,7.592768,100.0,2020-03-15,Bâle-Ville,12,BS,194766,51.3,0.051
2020-03-16,BS,144.0,,BS,47.5619253,7.592768,144.0,2020-03-16,Bâle-Ville,12,BS,194766,73.9,0.074
2020-03-17,BS,165.0,,BS,47.5619253,7.592768,165.0,2020-03-17,Bâle-Ville,12,BS,194766,84.7,0.085
2020-03-18,BS,182.0,,BS,47.5619253,7.592768,182.0,2020-03-18,Bâle-Ville,12,BS,194766,93.4,0.093
2020-03-19,BS,222.0,,BS,47.5619253,7.592768,222.0,2020-03-19,Bâle-Ville,12,BS,194766,114.0,0.114
2020-03-20,BS,272.0,,BS,47.5619253,7.592768,272.0,2020-03-20,Bâle-Ville,12,BS,194766,139.7,0.14
2020-03-21,BS,299.0,,BS,47.5619253,7.592768,299.0,2020-03-21,Bâle-Ville,12,BS,194766,153.5,0.154
2020-03-22,BS,358.0,,BS,47.5619253,7.592768,358.0,2020-03-22,Bâle-Ville,12,BS,194766,183.8,0.184
2020-03-23,BS,376.0,,BS,47.5619253,7.592768,376.0,2020-03-23,Bâle-Ville,12,BS,194766,193.1,0.193
2020-03-24,BS,414.0,,BS,47.5619253,7.592768,414.0,2020-03-24,Bâle-Ville,12,BS,194766,212.6,0.213
2020-03-25,BS,466.0,,BS,47.5619253,7.592768,466.0,2020-03-25,Bâle-Ville,12,BS,194766,239.3,0.239
2020-03-26,BS,505.0,,BS,47.5619253,7.592768,505.0,2020-03-26,Bâle-Ville,12,BS,194766,259.3,0.259
2020-03-27,BS,534.0,,BS,47.5619253,7.592768,534.0,2020-03-27,Bâle-Ville,12,BS,194766,274.2,0.274
2020-03-28,BS,573.0,,BS,47.5619253,7.592768,573.0,2020-03-28,Bâle-Ville,12,BS,194766,294.2,0.294
2020-03-29,BS,609.0,,BS,47.5619253,7.592768,609.0,2020-03-29,Bâle-Ville,12,BS,194766,312.7,0.313
2020-03-30,BS,621.0,,BS,47.5619253,7.592768,621.0,2020-03-30,Bâle-Ville,12,BS,194766,318.8,0.319
2020-03-31,BS,657.0,,BS,47.5619253,7.592768,657.0,2020-03-31,Bâle-Ville,12,BS,194766,337.3,0.337
2020-04-01,BS,691.0,,BS,47.5619253,7.592768,691.0,2020-04-01,Bâle-Ville,12,BS,194766,354.8,0.355
2020-04-02,BS,718.0,,BS,47.5619253,7.592768,718.0,2020-04-02,Bâle-Ville,12,BS,194766,368.6,0.369
2020-04-03,BS,758.0,,BS,47.5619253,7.592768,758.0,2020-04-03,Bâle-Ville,12,BS,194766,389.2,0.389
2020-04-04,BS,771.0,,BS,47.5619253,7.592768,771.0,2020-04-04,Bâle-Ville,12,BS,194766,395.9,0.396
2020-04-05,BS,794.0,,BS,47.5619253,7.592768,794.0,2020-04-05,Bâle-Ville,12,BS,194766,407.7,0.408
2020-04-06,BS,803.0,,BS,47.5619253,7.592768,803.0,2020-04-06,Bâle-Ville,12,BS,194766,412.3,0.412
2020-04-07,BS,813.0,,BS,47.5619253,7.592768,813.0,2020-04-07,Bâle-Ville,12,BS,194766,417.4,0.417
2020-03-07,FR,0.0,,FR,46.7064773,7.1619719,0.0,2020-03-07,Fribourg,10,FR,318714,0.0,0.0
2020-03-08,FR,8.0,,FR,46.7064773,7.1619719,8.0,2020-03-08,Fribourg,10,FR,318714,2.5,0.002
2020-03-09,FR,11.0,,FR,46.7064773,7.1619719,11.0,2020-03-09,Fribourg,10,FR,318714,3.5,0.004
2020-03-10,FR,11.0,Données manquantes,FR,46.7064773,7.1619719,11.0,2020-03-10,Fribourg,10,FR,318714,3.5,0.004
2020-03-11,FR,16.0,,FR,46.7064773,7.1619719,16.0,2020-03-11,Fribourg,10,FR,318714,5.0,0.005
2020-03-12,FR,22.0,,FR,46.7064773,7.1619719,22.0,2020-03-12,Fribourg,10,FR,318714,6.9,0.007
2020-03-13,FR,29.0,,FR,46.7064773,7.1619719,29.0,2020-03-13,Fribourg,10,FR,318714,9.1,0.009
2020-03-14,FR,36.0,,FR,46.7064773,7.1619719,36.0,2020-03-14,Fribourg,10,FR,318714,11.3,0.011
2020-03-15,FR,40.0,,FR,46.7064773,7.1619719,40.0,2020-03-15,Fribourg,10,FR,318714,12.6,0.013
2020-03-16,FR,45.0,,FR,46.7064773,7.1619719,45.0,2020-03-16,Fribourg,10,FR,318714,14.1,0.014
2020-03-17,FR,59.0,,FR,46.7064773,7.1619719,59.0,2020-03-17,Fribourg,10,FR,318714,18.5,0.018
2020-03-18,FR,86.0,,FR,46.7064773,7.1619719,86.0,2020-03-18,Fribourg,10,FR,318714,27.0,0.027
2020-03-19,FR,111.0,,FR,46.7064773,7.1619719,111.0,2020-03-19,Fribourg,10,FR,318714,34.8,0.035
2020-03-20,FR,145.0,,FR,46.7064773,7.1619719,145.0,2020-03-20,Fribourg,10,FR,318714,45.5,0.046
2020-03-21,FR,167.0,,FR,46.7064773,7.1619719,167.0,2020-03-21,Fribourg,10,FR,318714,52.4,0.052
2020-03-22,FR,202.0,,FR,46.7064773,7.1619719,202.0,2020-03-22,Fribourg,10,FR,318714,63.4,0.063
2020-03-23,FR,226.0,,FR,46.7064773,7.1619719,226.0,2020-03-23,Fribourg,10,FR,318714,70.9,0.071
2020-03-24,FR,255.0,,FR,46.7064773,7.1619719,255.0,2020-03-24,Fribourg,10,FR,318714,80.0,0.08
2020-03-25,FR,293.0,,FR,46.7064773,7.1619719,293.0,2020-03-25,Fribourg,10,FR,318714,91.9,0.092
2020-03-26,FR,309.0,,FR,46.7064773,7.1619719,309.0,2020-03-26,Fribourg,10,FR,318714,97.0,0.097
2020-03-27,FR,369.0,,FR,46.7064773,7.1619719,369.0,2020-03-27,Fribourg,10,FR,318714,115.8,0.116
2020-03-28,FR,421.0,,FR,46.7064773,7.1619719,421.0,2020-03-28,Fribourg,10,FR,318714,132.1,0.132
2020-03-29,FR,442.0,,FR,46.7064773,7.1619719,442.0,2020-03-29,Fribourg,10,FR,318714,138.7,0.139
2020-03-30,FR,477.0,,FR,46.7064773,7.1619719,477.0,2020-03-30,Fribourg,10,FR,318714,149.7,0.15
2020-03-31,FR,491.0,,FR,46.7064773,7.1619719,491.0,2020-03-31,Fribourg,10,FR,318714,154.1,0.154
2020-04-01,FR,525.0,,FR,46.7064773,7.1619719,525.0,2020-04-01,Fribourg,10,FR,318714,164.7,0.165
2020-04-02,FR,550.0,,FR,46.7064773,7.1619719,550.0,2020-04-02,Fribourg,10,FR,318714,172.6,0.173
2020-04-03,FR,588.0,,FR,46.7064773,7.1619719,588.0,2020-04-03,Fribourg,10,FR,318714,184.5,0.184
2020-04-04,FR,638.0,,FR,46.7064773,7.1619719,638.0,2020-04-04,Fribourg,10,FR,318714,200.2,0.2
2020-04-05,FR,669.0,,FR,46.7064773,7.1619719,669.0,2020-04-05,Fribourg,10,FR,318714,209.9,0.21
2020-04-06,FR,689.0,,FR,46.7064773,7.1619719,689.0,2020-04-06,Fribourg,10,FR,318714,216.2,0.216
2020-04-07,FR,729.0,,FR,46.7064773,7.1619719,729.0,2020-04-07,Fribourg,10,FR,318714,228.7,0.229
2020-03-07,GE,26.0,,GE,46.2043907,6.1431577,26.0,2020-03-07,Genève,25,GE,499480,5.2,0.005
2020-03-08,GE,35.0,,GE,46.2043907,6.1431577,35.0,2020-03-08,Genève,25,GE,499480,7.0,0.007
2020-03-09,GE,44.0,,GE,46.2043907,6.1431577,44.0,2020-03-09,Genève,25,GE,499480,8.8,0.009
2020-03-10,GE,68.0,,GE,46.2043907,6.1431577,68.0,2020-03-10,Genève,25,GE,499480,13.6,0.014
2020-03-11,GE,79.0,,GE,46.2043907,6.1431577,79.0,2020-03-11,Genève,25,GE,499480,15.8,0.016
2020-03-12,GE,108.0,,GE,46.2043907,6.1431577,108.0,2020-03-12,Genève,25,GE,499480,21.6,0.022
2020-03-13,GE,173.0,,GE,46.2043907,6.1431577,173.0,2020-03-13,Genève,25,GE,499480,34.6,0.035
2020-03-14,GE,282.0,,GE,46.2043907,6.1431577,282.0,2020-03-14,Genève,25,GE,499480,56.5,0.056
2020-03-15,GE,372.0,,GE,46.2043907,6.1431577,372.0,2020-03-15,Genève,25,GE,499480,74.5,0.074
2020-03-16,GE,472.0,,GE,46.2043907,6.1431577,472.0,2020-03-16,Genève,25,GE,499480,94.5,0.094
2020-03-17,GE,619.0,,GE,46.2043907,6.1431577,619.0,2020-03-17,Genève,25,GE,499480,123.9,0.124
2020-03-18,GE,751.0,,GE,46.2043907,6.1431577,751.0,2020-03-18,Genève,25,GE,499480,150.4,0.15
2020-03-19,GE,961.0,,GE,46.2043907,6.1431577,961.0,2020-03-19,Genève,25,GE,499480,192.4,0.192
2020-03-20,GE,1136.0,,GE,46.2043907,6.1431577,1136.0,2020-03-20,Genève,25,GE,499480,227.4,0.227
2020-03-21,GE,1262.0,,GE,46.2043907,6.1431577,1262.0,2020-03-21,Genève,25,GE,499480,252.7,0.253
2020-03-22,GE,1417.0,,GE,46.2043907,6.1431577,1417.0,2020-03-22,Genève,25,GE,499480,283.7,0.284
2020-03-23,GE,1509.0,,GE,46.2043907,6.1431577,1509.0,2020-03-23,Genève,25,GE,499480,302.1,0.302
2020-03-24,GE,1598.0,,GE,46.2043907,6.1431577,1598.0,2020-03-24,Genève,25,GE,499480,319.9,0.32
2020-03-25,GE,1708.0,,GE,46.2043907,6.1431577,1708.0,2020-03-25,Genève,25,GE,499480,342.0,0.342
2020-03-26,GE,1902.0,,GE,46.2043907,6.1431577,1902.0,2020-03-26,Genève,25,GE,499480,380.8,0.381
2020-03-27,GE,2051.0,,GE,46.2043907,6.1431577,2051.0,2020-03-27,Genève,25,GE,499480,410.6,0.411
2020-03-28,GE,2277.0,,GE,46.2043907,6.1431577,2277.0,2020-03-28,Genève,25,GE,499480,455.9,0.456
2020-03-29,GE,2349.0,,GE,46.2043907,6.1431577,2349.0,2020-03-29,Genève,25,GE,499480,470.3,0.47
2020-03-30,GE,2450.0,,GE,46.2043907,6.1431577,2450.0,2020-03-30,Genève,25,GE,499480,490.5,0.49
2020-03-31,GE,2657.0,,GE,46.2043907,6.1431577,2657.0,2020-03-31,Genève,25,GE,499480,532.0,0.532
2020-04-01,GE,2775.0,,GE,46.2043907,6.1431577,2775.0,2020-04-01,Genève,25,GE,499480,555.6,0.556
2020-04-02,GE,2938.0,,GE,46.2043907,6.1431577,2938.0,2020-04-02,Genève,25,GE,499480,588.2,0.588
2020-04-03,GE,3220.0,,GE,46.2043907,6.1431577,3220.0,2020-04-03,Genève,25,GE,499480,644.7,0.645
2020-04-04,GE,3384.0,,GE,46.2043907,6.1431577,3384.0,2020-04-04,Genève,25,GE,499480,677.5,0.678
2020-04-05,GE,3439.0,,GE,46.2043907,6.1431577,3439.0,2020-04-05,Genève,25,GE,499480,688.5,0.688
2020-04-06,GE,3562.0,,GE,46.2043907,6.1431577,3562.0,2020-04-06,Genève,25,GE,499480,713.1,0.713
2020-04-07,GE,3562.0,Données manquantes,GE,46.2043907,6.1431577,3562.0,2020-04-07,Genève,25,GE,499480,713.1,0.713
2020-03-07,GL,0.0,,GL,47.0404265,9.0672085,0.0,2020-03-07,Glaris,8,GL,40403,0.0,0.0
2020-03-08,GL,0.0,,GL,47.0404265,9.0672085,0.0,2020-03-08,Glaris,8,GL,40403,0.0,0.0
2020-03-09,GL,0.0,,GL,47.0404265,9.0672085,0.0,2020-03-09,Glaris,8,GL,40403,0.0,0.0
2020-03-10,GL,0.0,,GL,47.0404265,9.0672085,0.0,2020-03-10,Glaris,8,GL,40403,0.0,0.0
2020-03-11,GL,0.0,,GL,47.0404265,9.0672085,0.0,2020-03-11,Glaris,8,GL,40403,0.0,0.0
2020-03-12,GL,0.0,,GL,47.0404265,9.0672085,0.0,2020-03-12,Glaris,8,GL,40403,0.0,0.0
2020-03-13,GL,0.0,,GL,47.0404265,9.0672085,0.0,2020-03-13,Glaris,8,GL,40403,0.0,0.0
2020-03-14,GL,0.0,,GL,47.0404265,9.0672085,0.0,2020-03-14,Glaris,8,GL,40403,0.0,0.0
2020-03-15,GL,0.0,,GL,47.0404265,9.0672085,0.0,2020-03-15,Glaris,8,GL,40403,0.0,0.0
2020-03-16,GL,0.0,,GL,47.0404265,9.0672085,0.0,2020-03-16,Glaris,8,GL,40403,0.0,0.0
2020-03-17,GL,10.0,,GL,47.0404265,9.0672085,10.0,2020-03-17,Glaris,8,GL,40403,24.8,0.025
2020-03-18,GL,10.0,Données manquantes,GL,47.0404265,9.0672085,10.0,2020-03-18,Glaris,8,GL,40403,24.8,0.025
2020-03-19,GL,17.0,,GL,47.0404265,9.0672085,17.0,2020-03-19,Glaris,8,GL,40403,42.1,0.042
2020-03-20,GL,17.0,Données manquantes,GL,47.0404265,9.0672085,17.0,2020-03-20,Glaris,8,GL,40403,42.1,0.042
2020-03-21,GL,17.0,Données manquantes,GL,47.0404265,9.0672085,17.0,2020-03-21,Glaris,8,GL,40403,42.1,0.042
2020-03-22,GL,31.0,,GL,47.0404265,9.0672085,31.0,2020-03-22,Glaris,8,GL,40403,76.7,0.077
2020-03-23,GL,31.0,Données manquantes,GL,47.0404265,9.0672085,31.0,2020-03-23,Glaris,8,GL,40403,76.7,0.077
2020-03-24,GL,33.0,,GL,47.0404265,9.0672085,33.0,2020-03-24,Glaris,8,GL,40403,81.7,0.082
2020-03-25,GL,40.0,,GL,47.0404265,9.0672085,40.0,2020-03-25,Glaris,8,GL,40403,99.0,0.099
2020-03-26,GL,43.0,,GL,47.0404265,9.0672085,43.0,2020-03-26,Glaris,8,GL,40403,106.4,0.106
2020-03-27,GL,44.0,,GL,47.0404265,9.0672085,44.0,2020-03-27,Glaris,8,GL,40403,108.9,0.109
2020-03-28,GL,47.0,,GL,47.0404265,9.0672085,47.0,2020-03-28,Glaris,8,GL,40403,116.3,0.116
2020-03-29,GL,47.0,Données manquantes,GL,47.0404265,9.0672085,47.0,2020-03-29,Glaris,8,GL,40403,116.3,0.116
2020-03-30,GL,50.0,,GL,47.0404265,9.0672085,50.0,2020-03-30,Glaris,8,GL,40403,123.8,0.124
2020-03-31,GL,53.0,,GL,47.0404265,9.0672085,53.0,2020-03-31,Glaris,8,GL,40403,131.2,0.131
2020-04-01,GL,56.0,,GL,47.0404265,9.0672085,56.0,2020-04-01,Glaris,8,GL,40403,138.6,0.139
2020-04-02,GL,58.0,,GL,47.0404265,9.0672085,58.0,2020-04-02,Glaris,8,GL,40403,143.6,0.144
2020-04-03,GL,59.0,,GL,47.0404265,9.0672085,59.0,2020-04-03,Glaris,8,GL,40403,146.0,0.146
2020-04-04,GL,59.0,Données manquantes,GL,47.0404265,9.0672085,59.0,2020-04-04,Glaris,8,GL,40403,146.0,0.146
2020-04-05,GL,59.0,Données manquantes,GL,47.0404265,9.0672085,59.0,2020-04-05,Glaris,8,GL,40403,146.0,0.146
2020-04-06,GL,63.0,,GL,47.0404265,9.0672085,63.0,2020-04-06,Glaris,8,GL,40403,155.9,0.156
2020-04-07,GL,63.0,,GL,47.0404265,9.0672085,63.0,2020-04-07,Glaris,8,GL,40403,155.9,0.156
2020-03-07,GR,0.0,,GR,46.6569871,9.5780257,0.0,2020-03-07,Grisons,18,GR,198379,0.0,0.0
2020-03-08,GR,0.0,,GR,46.6569871,9.5780257,0.0,2020-03-08,Grisons,18,GR,198379,0.0,0.0
2020-03-09,GR,0.0,,GR,46.6569871,9.5780257,0.0,2020-03-09,Grisons,18,GR,198379,0.0,0.0
2020-03-10,GR,0.0,,GR,46.6569871,9.5780257,0.0,2020-03-10,Grisons,18,GR,198379,0.0,0.0
2020-03-11,GR,0.0,,GR,46.6569871,9.5780257,0.0,2020-03-11,Grisons,18,GR,198379,0.0,0.0
2020-03-12,GR,0.0,,GR,46.6569871,9.5780257,0.0,2020-03-12,Grisons,18,GR,198379,0.0,0.0
2020-03-13,GR,0.0,,GR,46.6569871,9.5780257,0.0,2020-03-13,Grisons,18,GR,198379,0.0,0.0
2020-03-14,GR,0.0,,GR,46.6569871,9.5780257,0.0,2020-03-14,Grisons,18,GR,198379,0.0,0.0
2020-03-15,GR,0.0,,GR,46.6569871,9.5780257,0.0,2020-03-15,Grisons,18,GR,198379,0.0,0.0
2020-03-16,GR,0.0,,GR,46.6569871,9.5780257,0.0,2020-03-16,Grisons,18,GR,198379,0.0,0.0
2020-03-17,GR,0.0,,GR,46.6569871,9.5780257,0.0,2020-03-17,Grisons,18,GR,198379,0.0,0.0
2020-03-18,GR,116.0,,GR,46.6569871,9.5780257,116.0,2020-03-18,Grisons,18,GR,198379,58.5,0.058
2020-03-19,GR,145.0,,GR,46.6569871,9.5780257,145.0,2020-03-19,Grisons,18,GR,198379,73.1,0.073
2020-03-20,GR,213.0,,GR,46.6569871,9.5780257,213.0,2020-03-20,Grisons,18,GR,198379,107.4,0.107
2020-03-21,GR,239.0,,GR,46.6569871,9.5780257,239.0,2020-03-21,Grisons,18,GR,198379,120.5,0.12
2020-03-22,GR,266.0,,GR,46.6569871,9.5780257,266.0,2020-03-22,Grisons,18,GR,198379,134.1,0.134
2020-03-23,GR,266.0,Données manquantes,GR,46.6569871,9.5780257,266.0,2020-03-23,Grisons,18,GR,198379,134.1,0.134
2020-03-24,GR,276.0,,GR,46.6569871,9.5780257,276.0,2020-03-24,Grisons,18,GR,198379,139.1,0.139
2020-03-25,GR,322.0,,GR,46.6569871,9.5780257,322.0,2020-03-25,Grisons,18,GR,198379,162.3,0.162
2020-03-26,GR,373.0,,GR,46.6569871,9.5780257,373.0,2020-03-26,Grisons,18,GR,198379,188.0,0.188
2020-03-27,GR,409.0,,GR,46.6569871,9.5780257,409.0,2020-03-27,Grisons,18,GR,198379,206.2,0.206
2020-03-28,GR,409.0,Données manquantes,GR,46.6569871,9.5780257,409.0,2020-03-28,Grisons,18,GR,198379,206.2,0.206
2020-03-29,GR,409.0,Données manquantes,GR,46.6569871,9.5780257,409.0,2020-03-29,Grisons,18,GR,198379,206.2,0.206
2020-03-30,GR,497.0,,GR,46.6569871,9.5780257,497.0,2020-03-30,Grisons,18,GR,198379,250.5,0.25
2020-03-31,GR,513.0,,GR,46.6569871,9.5780257,513.0,2020-03-31,Grisons,18,GR,198379,258.6,0.259
2020-04-01,GR,521.0,,GR,46.6569871,9.5780257,521.0,2020-04-01,Grisons,18,GR,198379,262.6,0.263
2020-04-02,GR,569.0,,GR,46.6569871,9.5780257,569.0,2020-04-02,Grisons,18,GR,198379,286.8,0.287
2020-04-03,GR,598.0,,GR,46.6569871,9.5780257,598.0,2020-04-03,Grisons,18,GR,198379,301.4,0.301
2020-04-04,GR,598.0,Données manquantes,GR,46.6569871,9.5780257,598.0,2020-04-04,Grisons,18,GR,198379,301.4,0.301
2020-04-05,GR,646.0,,GR,46.6569871,9.5780257,646.0,2020-04-05,Grisons,18,GR,198379,325.6,0.326
2020-04-06,GR,657.0,,GR,46.6569871,9.5780257,657.0,2020-04-06,Grisons,18,GR,198379,331.2,0.331
2020-04-07,GR,668.0,,GR,46.6569871,9.5780257,668.0,2020-04-07,Grisons,18,GR,198379,336.7,0.337
2020-03-07,JU,4.0,,JU,47.38444474,7.2430608,4.0,2020-03-07,Jura,26,JU,73419,5.4,0.005
2020-03-08,JU,4.0,,JU,47.38444474,7.2430608,4.0,2020-03-08,Jura,26,JU,73419,5.4,0.005
2020-03-09,JU,5.0,,JU,47.38444474,7.2430608,5.0,2020-03-09,Jura,26,JU,73419,6.8,0.007
2020-03-10,JU,6.0,,JU,47.38444474,7.2430608,6.0,2020-03-10,Jura,26,JU,73419,8.2,0.008
2020-03-11,JU,6.0,,JU,47.38444474,7.2430608,6.0,2020-03-11,Jura,26,JU,73419,8.2,0.008
2020-03-12,JU,9.0,,JU,47.38444474,7.2430608,9.0,2020-03-12,Jura,26,JU,73419,12.3,0.012
2020-03-13,JU,10.0,,JU,47.38444474,7.2430608,10.0,2020-03-13,Jura,26,JU,73419,13.6,0.014
2020-03-14,JU,15.0,,JU,47.38444474,7.2430608,15.0,2020-03-14,Jura,26,JU,73419,20.4,0.02
2020-03-15,JU,16.0,,JU,47.38444474,7.2430608,16.0,2020-03-15,Jura,26,JU,73419,21.8,0.022
2020-03-16,JU,17.0,,JU,47.38444474,7.2430608,17.0,2020-03-16,Jura,26,JU,73419,23.2,0.023
2020-03-17,JU,24.0,,JU,47.38444474,7.2430608,24.0,2020-03-17,Jura,26,JU,73419,32.7,0.033
2020-03-18,JU,26.0,,JU,47.38444474,7.2430608,26.0,2020-03-18,Jura,26,JU,73419,35.4,0.035
2020-03-19,JU,31.0,,JU,47.38444474,7.2430608,31.0,2020-03-19,Jura,26,JU,73419,42.2,0.042
2020-03-20,JU,37.0,,JU,47.38444474,7.2430608,37.0,2020-03-20,Jura,26,JU,73419,50.4,0.05
2020-03-21,JU,49.0,,JU,47.38444474,7.2430608,49.0,2020-03-21,Jura,26,JU,73419,66.7,0.067
2020-03-22,JU,51.0,,JU,47.38444474,7.2430608,51.0,2020-03-22,Jura,26,JU,73419,69.5,0.07
2020-03-23,JU,57.0,,JU,47.38444474,7.2430608,57.0,2020-03-23,Jura,26,JU,73419,77.6,0.078
2020-03-24,JU,66.0,,JU,47.38444474,7.2430608,66.0,2020-03-24,Jura,26,JU,73419,89.9,0.09
2020-03-25,JU,78.0,,JU,47.38444474,7.2430608,78.0,2020-03-25,Jura,26,JU,73419,106.2,0.106
2020-03-26,JU,99.0,,JU,47.38444474,7.2430608,99.0,2020-03-26,Jura,26,JU,73419,134.8,0.135
2020-03-27,JU,112.0,,JU,47.38444474,7.2430608,112.0,2020-03-27,Jura,26,JU,73419,152.5,0.152
2020-03-28,JU,118.0,,JU,47.38444474,7.2430608,118.0,2020-03-28,Jura,26,JU,73419,160.7,0.161
2020-03-29,JU,118.0,,JU,47.38444474,7.2430608,118.0,2020-03-29,Jura,26,JU,73419,160.7,0.161
2020-03-30,JU,122.0,,JU,47.38444474,7.2430608,122.0,2020-03-30,Jura,26,JU,73419,166.2,0.166
2020-03-31,JU,127.0,,JU,47.38444474,7.2430608,127.0,2020-03-31,Jura,26,JU,73419,173.0,0.173
2020-04-01,JU,144.0,,JU,47.38444474,7.2430608,144.0,2020-04-01,Jura,26,JU,73419,196.1,0.196
2020-04-02,JU,145.0,,JU,47.38444474,7.2430608,145.0,2020-04-02,Jura,26,JU,73419,197.5,0.198
2020-04-03,JU,149.0,,JU,47.38444474,7.2430608,149.0,2020-04-03,Jura,26,JU,73419,202.9,0.203
2020-04-04,JU,153.0,,JU,47.38444474,7.2430608,153.0,2020-04-04,Jura,26,JU,73419,208.4,0.208
2020-04-05,JU,156.0,,JU,47.38444474,7.2430608,156.0,2020-04-05,Jura,26,JU,73419,212.5,0.212
2020-04-06,JU,160.0,,JU,47.38444474,7.2430608,160.0,2020-04-06,Jura,26,JU,73419,217.9,0.218
2020-04-07,JU,168.0,,JU,47.38444474,7.2430608,168.0,2020-04-07,Jura,26,JU,73419,228.8,0.229
2020-03-07,LU,0.0,,LU,47.0501682,8.3093072,0.0,2020-03-07,Lucerne,3,LU,409557,0.0,0.0
2020-03-08,LU,0.0,,LU,47.0501682,8.3093072,0.0,2020-03-08,Lucerne,3,LU,409557,0.0,0.0
2020-03-09,LU,0.0,,LU,47.0501682,8.3093072,0.0,2020-03-09,Lucerne,3,LU,409557,0.0,0.0
2020-03-10,LU,0.0,,LU,47.0501682,8.3093072,0.0,2020-03-10,Lucerne,3,LU,409557,0.0,0.0
2020-03-11,LU,0.0,,LU,47.0501682,8.3093072,0.0,2020-03-11,Lucerne,3,LU,409557,0.0,0.0
2020-03-12,LU,0.0,,LU,47.0501682,8.3093072,0.0,2020-03-12,Lucerne,3,LU,409557,0.0,0.0
2020-03-13,LU,0.0,,LU,47.0501682,8.3093072,0.0,2020-03-13,Lucerne,3,LU,409557,0.0,0.0
2020-03-14,LU,0.0,,LU,47.0501682,8.3093072,0.0,2020-03-14,Lucerne,3,LU,409557,0.0,0.0
2020-03-15,LU,0.0,,LU,47.0501682,8.3093072,0.0,2020-03-15,Lucerne,3,LU,409557,0.0,0.0
2020-03-16,LU,0.0,,LU,47.0501682,8.3093072,0.0,2020-03-16,Lucerne,3,LU,409557,0.0,0.0
2020-03-17,LU,0.0,,LU,47.0501682,8.3093072,0.0,2020-03-17,Lucerne,3,LU,409557,0.0,0.0
2020-03-18,LU,65.0,,LU,47.0501682,8.3093072,65.0,2020-03-18,Lucerne,3,LU,409557,15.9,0.016
2020-03-19,LU,65.0,Données manquantes,LU,47.0501682,8.3093072,65.0,2020-03-19,Lucerne,3,LU,409557,15.9,0.016
2020-03-20,LU,92.0,,LU,47.0501682,8.3093072,92.0,2020-03-20,Lucerne,3,LU,409557,22.5,0.022
2020-03-21,LU,109.0,,LU,47.0501682,8.3093072,109.0,2020-03-21,Lucerne,3,LU,409557,26.6,0.027
2020-03-22,LU,131.0,,LU,47.0501682,8.3093072,131.0,2020-03-22,Lucerne,3,LU,409557,32.0,0.032
2020-03-23,LU,156.0,,LU,47.0501682,8.3093072,156.0,2020-03-23,Lucerne,3,LU,409557,38.1,0.038
2020-03-24,LU,205.0,,LU,47.0501682,8.3093072,205.0,2020-03-24,Lucerne,3,LU,409557,50.1,0.05
2020-03-25,LU,228.0,,LU,47.0501682,8.3093072,228.0,2020-03-25,Lucerne,3,LU,409557,55.7,0.056
2020-03-26,LU,253.0,,LU,47.0501682,8.3093072,253.0,2020-03-26,Lucerne,3,LU,409557,61.8,0.062
2020-03-27,LU,287.0,,LU,47.0501682,8.3093072,287.0,2020-03-27,Lucerne,3,LU,409557,70.1,0.07
2020-03-28,LU,317.0,,LU,47.0501682,8.3093072,317.0,2020-03-28,Lucerne,3,LU,409557,77.4,0.077
2020-03-29,LU,339.0,,LU,47.0501682,8.3093072,339.0,2020-03-29,Lucerne,3,LU,409557,82.8,0.083
2020-03-30,LU,351.0,,LU,47.0501682,8.3093072,351.0,2020-03-30,Lucerne,3,LU,409557,85.7,0.086
2020-03-31,LU,375.0,,LU,47.0501682,8.3093072,375.0,2020-03-31,Lucerne,3,LU,409557,91.6,0.092
2020-04-01,LU,401.0,,LU,47.0501682,8.3093072,401.0,2020-04-01,Lucerne,3,LU,409557,97.9,0.098
2020-04-02,LU,422.0,,LU,47.0501682,8.3093072,422.0,2020-04-02,Lucerne,3,LU,409557,103.0,0.103
2020-04-03,LU,449.0,,LU,47.0501682,8.3093072,449.0,2020-04-03,Lucerne,3,LU,409557,109.6,0.11
2020-04-04,LU,469.0,,LU,47.0501682,8.3093072,469.0,2020-04-04,Lucerne,3,LU,409557,114.5,0.114
2020-04-05,LU,478.0,,LU,47.0501682,8.3093072,478.0,2020-04-05,Lucerne,3,LU,409557,116.7,0.117
2020-04-06,LU,497.0,,LU,47.0501682,8.3093072,497.0,2020-04-06,Lucerne,3,LU,409557,121.4,0.121
2020-04-07,LU,509.0,,LU,47.0501682,8.3093072,509.0,2020-04-07,Lucerne,3,LU,409557,124.3,0.124
2020-03-07,NE,18.0,,NE,46.9899874,6.9292732,18.0,2020-03-07,Neuchâtel,24,NE,176850,10.2,0.01
2020-03-08,NE,24.0,,NE,46.9899874,6.9292732,24.0,2020-03-08,Neuchâtel,24,NE,176850,13.6,0.014
2020-03-09,NE,27.0,,NE,46.9899874,6.9292732,27.0,2020-03-09,Neuchâtel,24,NE,176850,15.3,0.015
2020-03-10,NE,31.0,,NE,46.9899874,6.9292732,31.0,2020-03-10,Neuchâtel,24,NE,176850,17.5,0.018
2020-03-11,NE,37.0,,NE,46.9899874,6.9292732,37.0,2020-03-11,Neuchâtel,24,NE,176850,20.9,0.021
2020-03-12,NE,46.0,,NE,46.9899874,6.9292732,46.0,2020-03-12,Neuchâtel,24,NE,176850,26.0,0.026
2020-03-13,NE,59.0,,NE,46.9899874,6.9292732,59.0,2020-03-13,Neuchâtel,24,NE,176850,33.4,0.033
2020-03-14,NE,68.0,,NE,46.9899874,6.9292732,68.0,2020-03-14,Neuchâtel,24,NE,176850,38.5,0.038
2020-03-15,NE,74.0,,NE,46.9899874,6.9292732,74.0,2020-03-15,Neuchâtel,24,NE,176850,41.8,0.042
2020-03-16,NE,93.0,,NE,46.9899874,6.9292732,93.0,2020-03-16,Neuchâtel,24,NE,176850,52.6,0.053
2020-03-17,NE,114.0,,NE,46.9899874,6.9292732,114.0,2020-03-17,Neuchâtel,24,NE,176850,64.5,0.064
2020-03-18,NE,146.0,,NE,46.9899874,6.9292732,146.0,2020-03-18,Neuchâtel,24,NE,176850,82.6,0.083
2020-03-19,NE,175.0,,NE,46.9899874,6.9292732,175.0,2020-03-19,Neuchâtel,24,NE,176850,99.0,0.099
2020-03-20,NE,188.0,,NE,46.9899874,6.9292732,188.0,2020-03-20,Neuchâtel,24,NE,176850,106.3,0.106
2020-03-21,NE,200.0,,NE,46.9899874,6.9292732,200.0,2020-03-21,Neuchâtel,24,NE,176850,113.1,0.113
2020-03-22,NE,216.0,,NE,46.9899874,6.9292732,216.0,2020-03-22,Neuchâtel,24,NE,176850,122.1,0.122
2020-03-23,NE,247.0,,NE,46.9899874,6.9292732,247.0,2020-03-23,Neuchâtel,24,NE,176850,139.7,0.14
2020-03-24,NE,265.0,,NE,46.9899874,6.9292732,265.0,2020-03-24,Neuchâtel,24,NE,176850,149.8,0.15
2020-03-25,NE,280.0,,NE,46.9899874,6.9292732,280.0,2020-03-25,Neuchâtel,24,NE,176850,158.3,0.158
2020-03-26,NE,299.0,,NE,46.9899874,6.9292732,299.0,2020-03-26,Neuchâtel,24,NE,176850,169.1,0.169
2020-03-27,NE,316.0,,NE,46.9899874,6.9292732,316.0,2020-03-27,Neuchâtel,24,NE,176850,178.7,0.179
2020-03-28,NE,337.0,,NE,46.9899874,6.9292732,337.0,2020-03-28,Neuchâtel,24,NE,176850,190.6,0.191
2020-03-29,NE,346.0,,NE,46.9899874,6.9292732,346.0,2020-03-29,Neuchâtel,24,NE,176850,195.6,0.196
2020-03-30,NE,378.0,,NE,46.9899874,6.9292732,378.0,2020-03-30,Neuchâtel,24,NE,176850,213.7,0.214
2020-03-31,NE,402.0,,NE,46.9899874,6.9292732,402.0,2020-03-31,Neuchâtel,24,NE,176850,227.3,0.227
2020-04-01,NE,420.0,,NE,46.9899874,6.9292732,420.0,2020-04-01,Neuchâtel,24,NE,176850,237.5,0.238
2020-04-02,NE,430.0,,NE,46.9899874,6.9292732,430.0,2020-04-02,Neuchâtel,24,NE,176850,243.1,0.243
2020-04-03,NE,433.0,,NE,46.9899874,6.9292732,433.0,2020-04-03,Neuchâtel,24,NE,176850,244.8,0.245
2020-04-04,NE,449.0,,NE,46.9899874,6.9292732,449.0,2020-04-04,Neuchâtel,24,NE,176850,253.9,0.254
2020-04-05,NE,459.0,,NE,46.9899874,6.9292732,459.0,2020-04-05,Neuchâtel,24,NE,176850,259.5,0.26
2020-04-06,NE,466.0,,NE,46.9899874,6.9292732,466.0,2020-04-06,Neuchâtel,24,NE,176850,263.5,0.264
2020-04-07,NE,466.0,Données manquantes,NE,46.9899874,6.9292732,466.0,2020-04-07,Neuchâtel,24,NE,176850,263.5,0.264
2020-03-07,NW,0.0,,NW,46.9267016,8.3849982,0.0,2020-03-07,Nidwald,7,NW,43223,0.0,0.0
2020-03-08,NW,0.0,,NW,46.9267016,8.3849982,0.0,2020-03-08,Nidwald,7,NW,43223,0.0,0.0
2020-03-09,NW,0.0,,NW,46.9267016,8.3849982,0.0,2020-03-09,Nidwald,7,NW,43223,0.0,0.0
2020-03-10,NW,0.0,,NW,46.9267016,8.3849982,0.0,2020-03-10,Nidwald,7,NW,43223,0.0,0.0
2020-03-11,NW,4.0,,NW,46.9267016,8.3849982,4.0,2020-03-11,Nidwald,7,NW,43223,9.3,0.009
2020-03-12,NW,4.0,Données manquantes,NW,46.9267016,8.3849982,4.0,2020-03-12,Nidwald,7,NW,43223,9.3,0.009
2020-03-13,NW,4.0,Données manquantes,NW,46.9267016,8.3849982,4.0,2020-03-13,Nidwald,7,NW,43223,9.3,0.009
2020-03-14,NW,4.0,Données manquantes,NW,46.9267016,8.3849982,4.0,2020-03-14,Nidwald,7,NW,43223,9.3,0.009
2020-03-15,NW,4.0,Données manquantes,NW,46.9267016,8.3849982,4.0,2020-03-15,Nidwald,7,NW,43223,9.3,0.009
2020-03-16,NW,4.0,Données manquantes,NW,46.9267016,8.3849982,4.0,2020-03-16,Nidwald,7,NW,43223,9.3,0.009
2020-03-17,NW,4.0,Données manquantes,NW,46.9267016,8.3849982,4.0,2020-03-17,Nidwald,7,NW,43223,9.3,0.009
2020-03-18,NW,4.0,Données manquantes,NW,46.9267016,8.3849982,4.0,2020-03-18,Nidwald,7,NW,43223,9.3,0.009
2020-03-19,NW,25.0,,NW,46.9267016,8.3849982,25.0,2020-03-19,Nidwald,7,NW,43223,57.8,0.058
2020-03-20,NW,28.0,,NW,46.9267016,8.3849982,28.0,2020-03-20,Nidwald,7,NW,43223,64.8,0.065
2020-03-21,NW,33.0,,NW,46.9267016,8.3849982,33.0,2020-03-21,Nidwald,7,NW,43223,76.3,0.076
2020-03-22,NW,36.0,,NW,46.9267016,8.3849982,36.0,2020-03-22,Nidwald,7,NW,43223,83.3,0.083
2020-03-23,NW,39.0,,NW,46.9267016,8.3849982,39.0,2020-03-23,Nidwald,7,NW,43223,90.2,0.09
2020-03-24,NW,42.0,,NW,46.9267016,8.3849982,42.0,2020-03-24,Nidwald,7,NW,43223,97.2,0.097
2020-03-25,NW,44.0,,NW,46.9267016,8.3849982,44.0,2020-03-25,Nidwald,7,NW,43223,101.8,0.102
2020-03-26,NW,48.0,,NW,46.9267016,8.3849982,48.0,2020-03-26,Nidwald,7,NW,43223,111.1,0.111
2020-03-27,NW,54.0,,NW,46.9267016,8.3849982,54.0,2020-03-27,Nidwald,7,NW,43223,124.9,0.125
2020-03-28,NW,55.0,,NW,46.9267016,8.3849982,55.0,2020-03-28,Nidwald,7,NW,43223,127.2,0.127
2020-03-29,NW,59.0,,NW,46.9267016,8.3849982,59.0,2020-03-29,Nidwald,7,NW,43223,136.5,0.136
2020-03-30,NW,63.0,,NW,46.9267016,8.3849982,63.0,2020-03-30,Nidwald,7,NW,43223,145.8,0.146
2020-03-31,NW,70.0,,NW,46.9267016,8.3849982,70.0,2020-03-31,Nidwald,7,NW,43223,162.0,0.162
2020-04-01,NW,70.0,,NW,46.9267016,8.3849982,70.0,2020-04-01,Nidwald,7,NW,43223,162.0,0.162
2020-04-02,NW,76.0,,NW,46.9267016,8.3849982,76.0,2020-04-02,Nidwald,7,NW,43223,175.8,0.176
2020-04-03,NW,79.0,,NW,46.9267016,8.3849982,79.0,2020-04-03,Nidwald,7,NW,43223,182.8,0.183
2020-04-04,NW,80.0,,NW,46.9267016,8.3849982,80.0,2020-04-04,Nidwald,7,NW,43223,185.1,0.185
2020-04-05,NW,80.0,,NW,46.9267016,8.3849982,80.0,2020-04-05,Nidwald,7,NW,43223,185.1,0.185
2020-04-06,NW,86.0,,NW,46.9267016,8.3849982,86.0,2020-04-06,Nidwald,7,NW,43223,199.0,0.199
2020-04-07,NW,87.0,,NW,46.9267016,8.3849982,87.0,2020-04-07,Nidwald,7,NW,43223,201.3,0.201
2020-03-07,OW,0.0,,OW,46.877858,8.251249,0.0,2020-03-07,Obwald,6,OW,37841,0.0,0.0
2020-03-08,OW,0.0,,OW,46.877858,8.251249,0.0,2020-03-08,Obwald,6,OW,37841,0.0,0.0
2020-03-09,OW,0.0,,OW,46.877858,8.251249,0.0,2020-03-09,Obwald,6,OW,37841,0.0,0.0
2020-03-10,OW,0.0,,OW,46.877858,8.251249,0.0,2020-03-10,Obwald,6,OW,37841,0.0,0.0
2020-03-11,OW,0.0,,OW,46.877858,8.251249,0.0,2020-03-11,Obwald,6,OW,37841,0.0,0.0
2020-03-12,OW,0.0,,OW,46.877858,8.251249,0.0,2020-03-12,Obwald,6,OW,37841,0.0,0.0
2020-03-13,OW,1.0,,OW,46.877858,8.251249,1.0,2020-03-13,Obwald,6,OW,37841,2.6,0.003
2020-03-14,OW,1.0,Données manquantes,OW,46.877858,8.251249,1.0,2020-03-14,Obwald,6,OW,37841,2.6,0.003
2020-03-15,OW,1.0,Données manquantes,OW,46.877858,8.251249,1.0,2020-03-15,Obwald,6,OW,37841,2.6,0.003
2020-03-16,OW,1.0,Données manquantes,OW,46.877858,8.251249,1.0,2020-03-16,Obwald,6,OW,37841,2.6,0.003
2020-03-17,OW,1.0,Données manquantes,OW,46.877858,8.251249,1.0,2020-03-17,Obwald,6,OW,37841,2.6,0.003
2020-03-18,OW,1.0,Données manquantes,OW,46.877858,8.251249,1.0,2020-03-18,Obwald,6,OW,37841,2.6,0.003
2020-03-19,OW,1.0,Données manquantes,OW,46.877858,8.251249,1.0,2020-03-19,Obwald,6,OW,37841,2.6,0.003
2020-03-20,OW,1.0,Données manquantes,OW,46.877858,8.251249,1.0,2020-03-20,Obwald,6,OW,37841,2.6,0.003
2020-03-21,OW,1.0,Données manquantes,OW,46.877858,8.251249,1.0,2020-03-21,Obwald,6,OW,37841,2.6,0.003
2020-03-22,OW,1.0,Données manquantes,OW,46.877858,8.251249,1.0,2020-03-22,Obwald,6,OW,37841,2.6,0.003
2020-03-23,OW,25.0,,OW,46.877858,8.251249,25.0,2020-03-23,Obwald,6,OW,37841,66.1,0.066
2020-03-24,OW,25.0,,OW,46.877858,8.251249,25.0,2020-03-24,Obwald,6,OW,37841,66.1,0.066
2020-03-25,OW,27.0,,OW,46.877858,8.251249,27.0,2020-03-25,Obwald,6,OW,37841,71.4,0.071
2020-03-26,OW,30.0,,OW,46.877858,8.251249,30.0,2020-03-26,Obwald,6,OW,37841,79.3,0.079
2020-03-27,OW,37.0,,OW,46.877858,8.251249,37.0,2020-03-27,Obwald,6,OW,37841,97.8,0.098
2020-03-28,OW,37.0,Données manquantes,OW,46.877858,8.251249,37.0,2020-03-28,Obwald,6,OW,37841,97.8,0.098
2020-03-29,OW,37.0,Données manquantes,OW,46.877858,8.251249,37.0,2020-03-29,Obwald,6,OW,37841,97.8,0.098
2020-03-30,OW,46.0,,OW,46.877858,8.251249,46.0,2020-03-30,Obwald,6,OW,37841,121.6,0.122
2020-03-31,OW,46.0,,OW,46.877858,8.251249,46.0,2020-03-31,Obwald,6,OW,37841,121.6,0.122
2020-04-01,OW,48.0,,OW,46.877858,8.251249,48.0,2020-04-01,Obwald,6,OW,37841,126.8,0.127
2020-04-02,OW,51.0,,OW,46.877858,8.251249,51.0,2020-04-02,Obwald,6,OW,37841,134.8,0.135
2020-04-03,OW,56.0,,OW,46.877858,8.251249,56.0,2020-04-03,Obwald,6,OW,37841,148.0,0.148
2020-04-04,OW,56.0,Données manquantes,OW,46.877858,8.251249,56.0,2020-04-04,Obwald,6,OW,37841,148.0,0.148
2020-04-05,OW,56.0,Données manquantes,OW,46.877858,8.251249,56.0,2020-04-05,Obwald,6,OW,37841,148.0,0.148
2020-04-06,OW,60.0,,OW,46.877858,8.251249,60.0,2020-04-06,Obwald,6,OW,37841,158.6,0.159
2020-04-07,OW,60.0,,OW,46.877858,8.251249,60.0,2020-04-07,Obwald,6,OW,37841,158.6,0.159
2020-03-07,SG,0.0,,SG,47.251529,9.087851,0.0,2020-03-07,Saint-Gall,17,SG,507697,0.0,0.0
2020-03-08,SG,0.0,,SG,47.251529,9.087851,0.0,2020-03-08,Saint-Gall,17,SG,507697,0.0,0.0
2020-03-09,SG,0.0,,SG,47.251529,9.087851,0.0,2020-03-09,Saint-Gall,17,SG,507697,0.0,0.0
2020-03-10,SG,0.0,,SG,47.251529,9.087851,0.0,2020-03-10,Saint-Gall,17,SG,507697,0.0,0.0
2020-03-11,SG,0.0,,SG,47.251529,9.087851,0.0,2020-03-11,Saint-Gall,17,SG,507697,0.0,0.0
2020-03-12,SG,15.0,,SG,47.251529,9.087851,15.0,2020-03-12,Saint-Gall,17,SG,507697,3.0,0.003
2020-03-13,SG,15.0,Données manquantes,SG,47.251529,9.087851,15.0,2020-03-13,Saint-Gall,17,SG,507697,3.0,0.003
2020-03-14,SG,15.0,Données manquantes,SG,47.251529,9.087851,15.0,2020-03-14,Saint-Gall,17,SG,507697,3.0,0.003
2020-03-15,SG,15.0,Données manquantes,SG,47.251529,9.087851,15.0,2020-03-15,Saint-Gall,17,SG,507697,3.0,0.003
2020-03-16,SG,15.0,Données manquantes,SG,47.251529,9.087851,15.0,2020-03-16,Saint-Gall,17,SG,507697,3.0,0.003
2020-03-17,SG,47.0,,SG,47.251529,9.087851,47.0,2020-03-17,Saint-Gall,17,SG,507697,9.3,0.009
2020-03-18,SG,61.0,,SG,47.251529,9.087851,61.0,2020-03-18,Saint-Gall,17,SG,507697,12.0,0.012
2020-03-19,SG,85.0,,SG,47.251529,9.087851,85.0,2020-03-19,Saint-Gall,17,SG,507697,16.7,0.017
2020-03-20,SG,98.0,,SG,47.251529,9.087851,98.0,2020-03-20,Saint-Gall,17,SG,507697,19.3,0.019
2020-03-21,SG,98.0,Données manquantes,SG,47.251529,9.087851,98.0,2020-03-21,Saint-Gall,17,SG,507697,19.3,0.019
2020-03-22,SG,98.0,Données manquantes,SG,47.251529,9.087851,98.0,2020-03-22,Saint-Gall,17,SG,507697,19.3,0.019
2020-03-23,SG,228.0,,SG,47.251529,9.087851,228.0,2020-03-23,Saint-Gall,17,SG,507697,44.9,0.045
2020-03-24,SG,228.0,Données manquantes,SG,47.251529,9.087851,228.0,2020-03-24,Saint-Gall,17,SG,507697,44.9,0.045
2020-03-25,SG,228.0,,SG,47.251529,9.087851,228.0,2020-03-25,Saint-Gall,17,SG,507697,44.9,0.045
2020-03-26,SG,306.0,,SG,47.251529,9.087851,306.0,2020-03-26,Saint-Gall,17,SG,507697,60.3,0.06
2020-03-27,SG,306.0,Données manquantes,SG,47.251529,9.087851,306.0,2020-03-27,Saint-Gall,17,SG,507697,60.3,0.06
2020-03-28,SG,339.0,,SG,47.251529,9.087851,339.0,2020-03-28,Saint-Gall,17,SG,507697,66.8,0.067
2020-03-29,SG,365.0,,SG,47.251529,9.087851,365.0,2020-03-29,Saint-Gall,17,SG,507697,71.9,0.072
2020-03-30,SG,389.0,,SG,47.251529,9.087851,389.0,2020-03-30,Saint-Gall,17,SG,507697,76.6,0.077
2020-03-31,SG,414.0,,SG,47.251529,9.087851,414.0,2020-03-31,Saint-Gall,17,SG,507697,81.5,0.082
2020-04-01,SG,414.0,,SG,47.251529,9.087851,414.0,2020-04-01,Saint-Gall,17,SG,507697,81.5,0.082
2020-04-02,SG,480.0,,SG,47.251529,9.087851,480.0,2020-04-02,Saint-Gall,17,SG,507697,94.5,0.094
2020-04-03,SG,480.0,,SG,47.251529,9.087851,480.0,2020-04-03,Saint-Gall,17,SG,507697,94.5,0.094
2020-04-04,SG,504.0,,SG,47.251529,9.087851,504.0,2020-04-04,Saint-Gall,17,SG,507697,99.3,0.099
2020-04-05,SG,515.0,,SG,47.251529,9.087851,515.0,2020-04-05,Saint-Gall,17,SG,507697,101.4,0.101
2020-04-06,SG,532.0,,SG,47.251529,9.087851,532.0,2020-04-06,Saint-Gall,17,SG,507697,104.8,0.105
2020-04-07,SG,557.0,,SG,47.251529,9.087851,557.0,2020-04-07,Saint-Gall,17,SG,507697,109.7,0.11
2020-03-07,SH,0.0,,SH,47.7958897,8.6380489,0.0,2020-03-07,Schaffhouse,14,SH,81991,0.0,0.0
2020-03-08,SH,0.0,,SH,47.7958897,8.6380489,0.0,2020-03-08,Schaffhouse,14,SH,81991,0.0,0.0
2020-03-09,SH,0.0,,SH,47.7958897,8.6380489,0.0,2020-03-09,Schaffhouse,14,SH,81991,0.0,0.0
2020-03-10,SH,0.0,,SH,47.7958897,8.6380489,0.0,2020-03-10,Schaffhouse,14,SH,81991,0.0,0.0
2020-03-11,SH,0.0,,SH,47.7958897,8.6380489,0.0,2020-03-11,Schaffhouse,14,SH,81991,0.0,0.0
2020-03-12,SH,0.0,,SH,47.7958897,8.6380489,0.0,2020-03-12,Schaffhouse,14,SH,81991,0.0,0.0
2020-03-13,SH,0.0,,SH,47.7958897,8.6380489,0.0,2020-03-13,Schaffhouse,14,SH,81991,0.0,0.0
2020-03-14,SH,0.0,,SH,47.7958897,8.6380489,0.0,2020-03-14,Schaffhouse,14,SH,81991,0.0,0.0
2020-03-15,SH,0.0,,SH,47.7958897,8.6380489,0.0,2020-03-15,Schaffhouse,14,SH,81991,0.0,0.0
2020-03-16,SH,0.0,,SH,47.7958897,8.6380489,0.0,2020-03-16,Schaffhouse,14,SH,81991,0.0,0.0
2020-03-17,SH,0.0,,SH,47.7958897,8.6380489,0.0,2020-03-17,Schaffhouse,14,SH,81991,0.0,0.0
2020-03-18,SH,0.0,,SH,47.7958897,8.6380489,0.0,2020-03-18,Schaffhouse,14,SH,81991,0.0,0.0
2020-03-19,SH,0.0,,SH,47.7958897,8.6380489,0.0,2020-03-19,Schaffhouse,14,SH,81991,0.0,0.0
2020-03-20,SH,14.0,,SH,47.7958897,8.6380489,14.0,2020-03-20,Schaffhouse,14,SH,81991,17.1,0.017
2020-03-21,SH,14.0,Données manquantes,SH,47.7958897,8.6380489,14.0,2020-03-21,Schaffhouse,14,SH,81991,17.1,0.017
2020-03-22,SH,14.0,Données manquantes,SH,47.7958897,8.6380489,14.0,2020-03-22,Schaffhouse,14,SH,81991,17.1,0.017
2020-03-23,SH,30.0,,SH,47.7958897,8.6380489,30.0,2020-03-23,Schaffhouse,14,SH,81991,36.6,0.037
2020-03-24,SH,32.0,,SH,47.7958897,8.6380489,32.0,2020-03-24,Schaffhouse,14,SH,81991,39.0,0.039
2020-03-25,SH,34.0,,SH,47.7958897,8.6380489,34.0,2020-03-25,Schaffhouse,14,SH,81991,41.5,0.042
2020-03-26,SH,35.0,,SH,47.7958897,8.6380489,35.0,2020-03-26,Schaffhouse,14,SH,81991,42.7,0.043
2020-03-27,SH,36.0,,SH,47.7958897,8.6380489,36.0,2020-03-27,Schaffhouse,14,SH,81991,43.9,0.044
2020-03-28,SH,37.0,,SH,47.7958897,8.6380489,37.0,2020-03-28,Schaffhouse,14,SH,81991,45.1,0.045
2020-03-29,SH,40.0,,SH,47.7958897,8.6380489,40.0,2020-03-29,Schaffhouse,14,SH,81991,48.8,0.049
2020-03-30,SH,41.0,,SH,47.7958897,8.6380489,41.0,2020-03-30,Schaffhouse,14,SH,81991,50.0,0.05
2020-03-31,SH,42.0,,SH,47.7958897,8.6380489,42.0,2020-03-31,Schaffhouse,14,SH,81991,51.2,0.051
2020-04-01,SH,44.0,,SH,47.7958897,8.6380489,44.0,2020-04-01,Schaffhouse,14,SH,81991,53.7,0.054
2020-04-02,SH,47.0,,SH,47.7958897,8.6380489,47.0,2020-04-02,Schaffhouse,14,SH,81991,57.3,0.057
2020-04-03,SH,47.0,,SH,47.7958897,8.6380489,47.0,2020-04-03,Schaffhouse,14,SH,81991,57.3,0.057
2020-04-04,SH,47.0,,SH,47.7958897,8.6380489,47.0,2020-04-04,Schaffhouse,14,SH,81991,57.3,0.057
2020-04-05,SH,49.0,,SH,47.7958897,8.6380489,49.0,2020-04-05,Schaffhouse,14,SH,81991,59.8,0.06
2020-04-06,SH,50.0,,SH,47.7958897,8.6380489,50.0,2020-04-06,Schaffhouse,14,SH,81991,61.0,0.061
2020-04-07,SH,50.0,,SH,47.7958897,8.6380489,50.0,2020-04-07,Schaffhouse,14,SH,81991,61.0,0.061
2020-03-07,SO,0.0,,SO,47.2088348,7.532291,0.0,2020-03-07,Soleure,11,SO,273194,0.0,0.0
2020-03-08,SO,0.0,,SO,47.2088348,7.532291,0.0,2020-03-08,Soleure,11,SO,273194,0.0,0.0
2020-03-09,SO,0.0,,SO,47.2088348,7.532291,0.0,2020-03-09,Soleure,11,SO,273194,0.0,0.0
2020-03-10,SO,0.0,,SO,47.2088348,7.532291,0.0,2020-03-10,Soleure,11,SO,273194,0.0,0.0
2020-03-11,SO,0.0,,SO,47.2088348,7.532291,0.0,2020-03-11,Soleure,11,SO,273194,0.0,0.0
2020-03-12,SO,0.0,,SO,47.2088348,7.532291,0.0,2020-03-12,Soleure,11,SO,273194,0.0,0.0
2020-03-13,SO,0.0,,SO,47.2088348,7.532291,0.0,2020-03-13,Soleure,11,SO,273194,0.0,0.0
2020-03-14,SO,0.0,,SO,47.2088348,7.532291,0.0,2020-03-14,Soleure,11,SO,273194,0.0,0.0
2020-03-15,SO,0.0,,SO,47.2088348,7.532291,0.0,2020-03-15,Soleure,11,SO,273194,0.0,0.0
2020-03-16,SO,0.0,,SO,47.2088348,7.532291,0.0,2020-03-16,Soleure,11,SO,273194,0.0,0.0
2020-03-17,SO,0.0,,SO,47.2088348,7.532291,0.0,2020-03-17,Soleure,11,SO,273194,0.0,0.0
2020-03-18,SO,43.0,,SO,47.2088348,7.532291,43.0,2020-03-18,Soleure,11,SO,273194,15.7,0.016
2020-03-19,SO,43.0,Données manquantes,SO,47.2088348,7.532291,43.0,2020-03-19,Soleure,11,SO,273194,15.7,0.016
2020-03-20,SO,66.0,,SO,47.2088348,7.532291,66.0,2020-03-20,Soleure,11,SO,273194,24.2,0.024
2020-03-21,SO,66.0,Données manquantes,SO,47.2088348,7.532291,66.0,2020-03-21,Soleure,11,SO,273194,24.2,0.024
2020-03-22,SO,66.0,Données manquantes,SO,47.2088348,7.532291,66.0,2020-03-22,Soleure,11,SO,273194,24.2,0.024
2020-03-23,SO,95.0,,SO,47.2088348,7.532291,95.0,2020-03-23,Soleure,11,SO,273194,34.8,0.035
2020-03-24,SO,104.0,,SO,47.2088348,7.532291,104.0,2020-03-24,Soleure,11,SO,273194,38.1,0.038
2020-03-25,SO,129.0,,SO,47.2088348,7.532291,129.0,2020-03-25,Soleure,11,SO,273194,47.2,0.047
2020-03-26,SO,141.0,,SO,47.2088348,7.532291,141.0,2020-03-26,Soleure,11,SO,273194,51.6,0.052
2020-03-27,SO,157.0,,SO,47.2088348,7.532291,157.0,2020-03-27,Soleure,11,SO,273194,57.5,0.058
2020-03-28,SO,173.0,,SO,47.2088348,7.532291,173.0,2020-03-28,Soleure,11,SO,273194,63.3,0.063
2020-03-29,SO,190.0,,SO,47.2088348,7.532291,190.0,2020-03-29,Soleure,11,SO,273194,69.5,0.07
2020-03-30,SO,190.0,Données manquantes,SO,47.2088348,7.532291,190.0,2020-03-30,Soleure,11,SO,273194,69.5,0.07
2020-03-31,SO,196.0,,SO,47.2088348,7.532291,196.0,2020-03-31,Soleure,11,SO,273194,71.7,0.072
2020-04-01,SO,216.0,,SO,47.2088348,7.532291,216.0,2020-04-01,Soleure,11,SO,273194,79.1,0.079
2020-04-02,SO,227.0,,SO,47.2088348,7.532291,227.0,2020-04-02,Soleure,11,SO,273194,83.1,0.083
2020-04-03,SO,237.0,,SO,47.2088348,7.532291,237.0,2020-04-03,Soleure,11,SO,273194,86.8,0.087
2020-04-04,SO,250.0,,SO,47.2088348,7.532291,250.0,2020-04-04,Soleure,11,SO,273194,91.5,0.092
2020-04-05,SO,258.0,,SO,47.2088348,7.532291,258.0,2020-04-05,Soleure,11,SO,273194,94.4,0.094
2020-04-06,SO,261.0,,SO,47.2088348,7.532291,261.0,2020-04-06,Soleure,11,SO,273194,95.5,0.096
2020-04-07,SO,264.0,,SO,47.2088348,7.532291,264.0,2020-04-07,Soleure,11,SO,273194,96.6,0.097
2020-03-07,SZ,0.0,,SZ,47.0207138,8.6529884,0.0,2020-03-07,Schwytz,5,SZ,159165,0.0,0.0
2020-03-08,SZ,0.0,,SZ,47.0207138,8.6529884,0.0,2020-03-08,Schwytz,5,SZ,159165,0.0,0.0
2020-03-09,SZ,0.0,,SZ,47.0207138,8.6529884,0.0,2020-03-09,Schwytz,5,SZ,159165,0.0,0.0
2020-03-10,SZ,0.0,,SZ,47.0207138,8.6529884,0.0,2020-03-10,Schwytz,5,SZ,159165,0.0,0.0
2020-03-11,SZ,0.0,,SZ,47.0207138,8.6529884,0.0,2020-03-11,Schwytz,5,SZ,159165,0.0,0.0
2020-03-12,SZ,0.0,,SZ,47.0207138,8.6529884,0.0,2020-03-12,Schwytz,5,SZ,159165,0.0,0.0
2020-03-13,SZ,9.0,,SZ,47.0207138,8.6529884,9.0,2020-03-13,Schwytz,5,SZ,159165,5.7,0.006
2020-03-14,SZ,12.0,,SZ,47.0207138,8.6529884,12.0,2020-03-14,Schwytz,5,SZ,159165,7.5,0.008
2020-03-15,SZ,13.0,,SZ,47.0207138,8.6529884,13.0,2020-03-15,Schwytz,5,SZ,159165,8.2,0.008
2020-03-16,SZ,13.0,Données manquantes,SZ,47.0207138,8.6529884,13.0,2020-03-16,Schwytz,5,SZ,159165,8.2,0.008
2020-03-17,SZ,13.0,Données manquantes,SZ,47.0207138,8.6529884,13.0,2020-03-17,Schwytz,5,SZ,159165,8.2,0.008
2020-03-18,SZ,13.0,Données manquantes,SZ,47.0207138,8.6529884,13.0,2020-03-18,Schwytz,5,SZ,159165,8.2,0.008
2020-03-19,SZ,13.0,Données manquantes,SZ,47.0207138,8.6529884,13.0,2020-03-19,Schwytz,5,SZ,159165,8.2,0.008
2020-03-20,SZ,13.0,Données manquantes,SZ,47.0207138,8.6529884,13.0,2020-03-20,Schwytz,5,SZ,159165,8.2,0.008
2020-03-21,SZ,13.0,Données manquantes,SZ,47.0207138,8.6529884,13.0,2020-03-21,Schwytz,5,SZ,159165,8.2,0.008
2020-03-22,SZ,13.0,Données manquantes,SZ,47.0207138,8.6529884,13.0,2020-03-22,Schwytz,5,SZ,159165,8.2,0.008
2020-03-23,SZ,13.0,Données manquantes,SZ,47.0207138,8.6529884,13.0,2020-03-23,Schwytz,5,SZ,159165,8.2,0.008
2020-03-24,SZ,13.0,Données manquantes,SZ,47.0207138,8.6529884,13.0,2020-03-24,Schwytz,5,SZ,159165,8.2,0.008
2020-03-25,SZ,99.0,,SZ,47.0207138,8.6529884,99.0,2020-03-25,Schwytz,5,SZ,159165,62.2,0.062
2020-03-26,SZ,99.0,,SZ,47.0207138,8.6529884,99.0,2020-03-26,Schwytz,5,SZ,159165,62.2,0.062
2020-03-27,SZ,119.0,,SZ,47.0207138,8.6529884,119.0,2020-03-27,Schwytz,5,SZ,159165,74.8,0.075
2020-03-28,SZ,122.0,,SZ,47.0207138,8.6529884,122.0,2020-03-28,Schwytz,5,SZ,159165,76.7,0.077
2020-03-29,SZ,128.0,,SZ,47.0207138,8.6529884,128.0,2020-03-29,Schwytz,5,SZ,159165,80.4,0.08
2020-03-30,SZ,135.0,,SZ,47.0207138,8.6529884,135.0,2020-03-30,Schwytz,5,SZ,159165,84.8,0.085
2020-03-31,SZ,141.0,,SZ,47.0207138,8.6529884,141.0,2020-03-31,Schwytz,5,SZ,159165,88.6,0.089
2020-04-01,SZ,146.0,,SZ,47.0207138,8.6529884,146.0,2020-04-01,Schwytz,5,SZ,159165,91.7,0.092
2020-04-02,SZ,155.0,,SZ,47.0207138,8.6529884,155.0,2020-04-02,Schwytz,5,SZ,159165,97.4,0.097
2020-04-03,SZ,164.0,,SZ,47.0207138,8.6529884,164.0,2020-04-03,Schwytz,5,SZ,159165,103.0,0.103
2020-04-04,SZ,168.0,,SZ,47.0207138,8.6529884,168.0,2020-04-04,Schwytz,5,SZ,159165,105.6,0.106
2020-04-05,SZ,170.0,,SZ,47.0207138,8.6529884,170.0,2020-04-05,Schwytz,5,SZ,159165,106.8,0.107
2020-04-06,SZ,178.0,,SZ,47.0207138,8.6529884,178.0,2020-04-06,Schwytz,5,SZ,159165,111.8,0.112
2020-04-07,SZ,185.0,,SZ,47.0207138,8.6529884,185.0,2020-04-07,Schwytz,5,SZ,159165,116.2,0.116
2020-03-07,TG,0.0,,TG,47.6037856,9.0557371,0.0,2020-03-07,Thurgovie,20,TG,276472,0.0,0.0
2020-03-08,TG,0.0,,TG,47.6037856,9.0557371,0.0,2020-03-08,Thurgovie,20,TG,276472,0.0,0.0
2020-03-09,TG,0.0,,TG,47.6037856,9.0557371,0.0,2020-03-09,Thurgovie,20,TG,276472,0.0,0.0
2020-03-10,TG,0.0,,TG,47.6037856,9.0557371,0.0,2020-03-10,Thurgovie,20,TG,276472,0.0,0.0
2020-03-11,TG,0.0,,TG,47.6037856,9.0557371,0.0,2020-03-11,Thurgovie,20,TG,276472,0.0,0.0
2020-03-12,TG,0.0,,TG,47.6037856,9.0557371,0.0,2020-03-12,Thurgovie,20,TG,276472,0.0,0.0
2020-03-13,TG,0.0,,TG,47.6037856,9.0557371,0.0,2020-03-13,Thurgovie,20,TG,276472,0.0,0.0
2020-03-14,TG,0.0,,TG,47.6037856,9.0557371,0.0,2020-03-14,Thurgovie,20,TG,276472,0.0,0.0
2020-03-15,TG,0.0,,TG,47.6037856,9.0557371,0.0,2020-03-15,Thurgovie,20,TG,276472,0.0,0.0
2020-03-16,TG,17.0,,TG,47.6037856,9.0557371,17.0,2020-03-16,Thurgovie,20,TG,276472,6.1,0.006
2020-03-17,TG,23.0,,TG,47.6037856,9.0557371,23.0,2020-03-17,Thurgovie,20,TG,276472,8.3,0.008
2020-03-18,TG,32.0,,TG,47.6037856,9.0557371,32.0,2020-03-18,Thurgovie,20,TG,276472,11.6,0.012
2020-03-19,TG,36.0,,TG,47.6037856,9.0557371,36.0,2020-03-19,Thurgovie,20,TG,276472,13.0,0.013
2020-03-20,TG,49.0,,TG,47.6037856,9.0557371,49.0,2020-03-20,Thurgovie,20,TG,276472,17.7,0.018
2020-03-21,TG,56.0,,TG,47.6037856,9.0557371,56.0,2020-03-21,Thurgovie,20,TG,276472,20.3,0.02
2020-03-22,TG,75.0,,TG,47.6037856,9.0557371,75.0,2020-03-22,Thurgovie,20,TG,276472,27.1,0.027
2020-03-23,TG,81.0,,TG,47.6037856,9.0557371,81.0,2020-03-23,Thurgovie,20,TG,276472,29.3,0.029
2020-03-24,TG,87.0,,TG,47.6037856,9.0557371,87.0,2020-03-24,Thurgovie,20,TG,276472,31.5,0.032
2020-03-25,TG,96.0,,TG,47.6037856,9.0557371,96.0,2020-03-25,Thurgovie,20,TG,276472,34.7,0.035
2020-03-26,TG,110.0,,TG,47.6037856,9.0557371,110.0,2020-03-26,Thurgovie,20,TG,276472,39.8,0.04
2020-03-27,TG,117.0,,TG,47.6037856,9.0557371,117.0,2020-03-27,Thurgovie,20,TG,276472,42.3,0.042
2020-03-28,TG,134.0,,TG,47.6037856,9.0557371,134.0,2020-03-28,Thurgovie,20,TG,276472,48.5,0.048
2020-03-29,TG,138.0,,TG,47.6037856,9.0557371,138.0,2020-03-29,Thurgovie,20,TG,276472,49.9,0.05
2020-03-30,TG,148.0,,TG,47.6037856,9.0557371,148.0,2020-03-30,Thurgovie,20,TG,276472,53.5,0.054
2020-03-31,TG,154.0,,TG,47.6037856,9.0557371,154.0,2020-03-31,Thurgovie,20,TG,276472,55.7,0.056
2020-04-01,TG,166.0,,TG,47.6037856,9.0557371,166.0,2020-04-01,Thurgovie,20,TG,276472,60.0,0.06
2020-04-02,TG,179.0,,TG,47.6037856,9.0557371,179.0,2020-04-02,Thurgovie,20,TG,276472,64.7,0.065
2020-04-03,TG,198.0,,TG,47.6037856,9.0557371,198.0,2020-04-03,Thurgovie,20,TG,276472,71.6,0.072
2020-04-04,TG,208.0,,TG,47.6037856,9.0557371,208.0,2020-04-04,Thurgovie,20,TG,276472,75.2,0.075
2020-04-05,TG,213.0,,TG,47.6037856,9.0557371,213.0,2020-04-05,Thurgovie,20,TG,276472,77.0,0.077
2020-04-06,TG,219.0,,TG,47.6037856,9.0557371,219.0,2020-04-06,Thurgovie,20,TG,276472,79.2,0.079
2020-04-07,TG,221.0,,TG,47.6037856,9.0557371,221.0,2020-04-07,Thurgovie,20,TG,276472,79.9,0.08
2020-03-07,TI,45.0,,TI,46.331734,8.8004529,45.0,2020-03-07,Tessin,21,TI,353343,12.7,0.013
2020-03-08,TI,58.0,,TI,46.331734,8.8004529,58.0,2020-03-08,Tessin,21,TI,353343,16.4,0.016
2020-03-09,TI,68.0,,TI,46.331734,8.8004529,68.0,2020-03-09,Tessin,21,TI,353343,19.2,0.019
2020-03-10,TI,68.0,Données manquantes,TI,46.331734,8.8004529,68.0,2020-03-10,Tessin,21,TI,353343,19.2,0.019
2020-03-11,TI,68.0,Données manquantes,TI,46.331734,8.8004529,68.0,2020-03-11,Tessin,21,TI,353343,19.2,0.019
2020-03-12,TI,180.0,,TI,46.331734,8.8004529,180.0,2020-03-12,Tessin,21,TI,353343,50.9,0.051
2020-03-13,TI,258.0,,TI,46.331734,8.8004529,258.0,2020-03-13,Tessin,21,TI,353343,73.0,0.073
2020-03-14,TI,265.0,,TI,46.331734,8.8004529,265.0,2020-03-14,Tessin,21,TI,353343,75.0,0.075
2020-03-15,TI,291.0,,TI,46.331734,8.8004529,291.0,2020-03-15,Tessin,21,TI,353343,82.4,0.082
2020-03-16,TI,330.0,,TI,46.331734,8.8004529,330.0,2020-03-16,Tessin,21,TI,353343,93.4,0.093
2020-03-17,TI,422.0,,TI,46.331734,8.8004529,422.0,2020-03-17,Tessin,21,TI,353343,119.4,0.119
2020-03-18,TI,511.0,,TI,46.331734,8.8004529,511.0,2020-03-18,Tessin,21,TI,353343,144.6,0.145
2020-03-19,TI,638.0,,TI,46.331734,8.8004529,638.0,2020-03-19,Tessin,21,TI,353343,180.6,0.181
2020-03-20,TI,834.0,,TI,46.331734,8.8004529,834.0,2020-03-20,Tessin,21,TI,353343,236.0,0.236
2020-03-21,TI,918.0,,TI,46.331734,8.8004529,918.0,2020-03-21,Tessin,21,TI,353343,259.8,0.26
2020-03-22,TI,939.0,,TI,46.331734,8.8004529,939.0,2020-03-22,Tessin,21,TI,353343,265.7,0.266
2020-03-23,TI,1165.0,,TI,46.331734,8.8004529,1165.0,2020-03-23,Tessin,21,TI,353343,329.7,0.33
2020-03-24,TI,1211.0,,TI,46.331734,8.8004529,1211.0,2020-03-24,Tessin,21,TI,353343,342.7,0.343
2020-03-25,TI,1354.0,,TI,46.331734,8.8004529,1354.0,2020-03-25,Tessin,21,TI,353343,383.2,0.383
2020-03-26,TI,1401.0,,TI,46.331734,8.8004529,1401.0,2020-03-26,Tessin,21,TI,353343,396.5,0.396
2020-03-27,TI,1688.0,,TI,46.331734,8.8004529,1688.0,2020-03-27,Tessin,21,TI,353343,477.7,0.478
2020-03-28,TI,1727.0,,TI,46.331734,8.8004529,1727.0,2020-03-28,Tessin,21,TI,353343,488.8,0.489
2020-03-29,TI,1837.0,,TI,46.331734,8.8004529,1837.0,2020-03-29,Tessin,21,TI,353343,519.9,0.52
2020-03-30,TI,1962.0,,TI,46.331734,8.8004529,1962.0,2020-03-30,Tessin,21,TI,353343,555.3,0.555
2020-03-31,TI,2091.0,,TI,46.331734,8.8004529,2091.0,2020-03-31,Tessin,21,TI,353343,591.8,0.592
2020-04-01,TI,2195.0,,TI,46.331734,8.8004529,2195.0,2020-04-01,Tessin,21,TI,353343,621.2,0.621
2020-04-02,TI,2271.0,,TI,46.331734,8.8004529,2271.0,2020-04-02,Tessin,21,TI,353343,642.7,0.643
2020-04-03,TI,2377.0,,TI,46.331734,8.8004529,2377.0,2020-04-03,Tessin,21,TI,353343,672.7,0.673
2020-04-04,TI,2422.0,,TI,46.331734,8.8004529,2422.0,2020-04-04,Tessin,21,TI,353343,685.5,0.686
2020-04-05,TI,2508.0,,TI,46.331734,8.8004529,2508.0,2020-04-05,Tessin,21,TI,353343,709.8,0.71
2020-04-06,TI,2546.0,,TI,46.331734,8.8004529,2546.0,2020-04-06,Tessin,21,TI,353343,720.5,0.72
2020-04-07,TI,2599.0,,TI,46.331734,8.8004529,2599.0,2020-04-07,Tessin,21,TI,353343,735.5,0.736
2020-03-07,UR,0.0,,UR,46.7738629,8.6025153,0.0,2020-03-07,Uri,4,UR,36433,0.0,0.0
2020-03-08,UR,0.0,,UR,46.7738629,8.6025153,0.0,2020-03-08,Uri,4,UR,36433,0.0,0.0
2020-03-09,UR,0.0,,UR,46.7738629,8.6025153,0.0,2020-03-09,Uri,4,UR,36433,0.0,0.0
2020-03-10,UR,0.0,,UR,46.7738629,8.6025153,0.0,2020-03-10,Uri,4,UR,36433,0.0,0.0
2020-03-11,UR,0.0,,UR,46.7738629,8.6025153,0.0,2020-03-11,Uri,4,UR,36433,0.0,0.0
2020-03-12,UR,2.0,,UR,46.7738629,8.6025153,2.0,2020-03-12,Uri,4,UR,36433,5.5,0.006
2020-03-13,UR,2.0,Données manquantes,UR,46.7738629,8.6025153,2.0,2020-03-13,Uri,4,UR,36433,5.5,0.006
2020-03-14,UR,2.0,Données manquantes,UR,46.7738629,8.6025153,2.0,2020-03-14,Uri,4,UR,36433,5.5,0.006
2020-03-15,UR,2.0,Données manquantes,UR,46.7738629,8.6025153,2.0,2020-03-15,Uri,4,UR,36433,5.5,0.006
2020-03-16,UR,2.0,Données manquantes,UR,46.7738629,8.6025153,2.0,2020-03-16,Uri,4,UR,36433,5.5,0.006
2020-03-17,UR,2.0,Données manquantes,UR,46.7738629,8.6025153,2.0,2020-03-17,Uri,4,UR,36433,5.5,0.006
2020-03-18,UR,5.0,,UR,46.7738629,8.6025153,5.0,2020-03-18,Uri,4,UR,36433,13.7,0.014
2020-03-19,UR,7.0,,UR,46.7738629,8.6025153,7.0,2020-03-19,Uri,4,UR,36433,19.2,0.019
2020-03-20,UR,7.0,,UR,46.7738629,8.6025153,7.0,2020-03-20,Uri,4,UR,36433,19.2,0.019
2020-03-21,UR,12.0,,UR,46.7738629,8.6025153,12.0,2020-03-21,Uri,4,UR,36433,32.9,0.033
2020-03-22,UR,12.0,Données manquantes,UR,46.7738629,8.6025153,12.0,2020-03-22,Uri,4,UR,36433,32.9,0.033
2020-03-23,UR,22.0,,UR,46.7738629,8.6025153,22.0,2020-03-23,Uri,4,UR,36433,60.4,0.06
2020-03-24,UR,25.0,,UR,46.7738629,8.6025153,25.0,2020-03-24,Uri,4,UR,36433,68.6,0.069
2020-03-25,UR,25.0,Données manquantes,UR,46.7738629,8.6025153,25.0,2020-03-25,Uri,4,UR,36433,68.6,0.069
2020-03-26,UR,38.0,,UR,46.7738629,8.6025153,38.0,2020-03-26,Uri,4,UR,36433,104.3,0.104
2020-03-27,UR,40.0,,UR,46.7738629,8.6025153,40.0,2020-03-27,Uri,4,UR,36433,109.8,0.11
2020-03-28,UR,48.0,,UR,46.7738629,8.6025153,48.0,2020-03-28,Uri,4,UR,36433,131.7,0.132
2020-03-29,UR,50.0,,UR,46.7738629,8.6025153,50.0,2020-03-29,Uri,4,UR,36433,137.2,0.137
2020-03-30,UR,53.0,,UR,46.7738629,8.6025153,53.0,2020-03-30,Uri,4,UR,36433,145.5,0.146
2020-03-31,UR,57.0,,UR,46.7738629,8.6025153,57.0,2020-03-31,Uri,4,UR,36433,156.5,0.156
2020-04-01,UR,59.0,,UR,46.7738629,8.6025153,59.0,2020-04-01,Uri,4,UR,36433,161.9,0.162
2020-04-02,UR,60.0,,UR,46.7738629,8.6025153,60.0,2020-04-02,Uri,4,UR,36433,164.7,0.165
2020-04-03,UR,62.0,,UR,46.7738629,8.6025153,62.0,2020-04-03,Uri,4,UR,36433,170.2,0.17
2020-04-04,UR,66.0,,UR,46.7738629,8.6025153,66.0,2020-04-04,Uri,4,UR,36433,181.2,0.181
2020-04-05,UR,67.0,,UR,46.7738629,8.6025153,67.0,2020-04-05,Uri,4,UR,36433,183.9,0.184
2020-04-06,UR,67.0,,UR,46.7738629,8.6025153,67.0,2020-04-06,Uri,4,UR,36433,183.9,0.184
2020-04-07,UR,68.0,,UR,46.7738629,8.6025153,68.0,2020-04-07,Uri,4,UR,36433,186.6,0.187
2020-03-07,VD,30.0,,VD,46.5613135,6.536765,30.0,2020-03-07,Vaud,22,VD,799145,3.8,0.004
2020-03-08,VD,40.0,,VD,46.5613135,6.536765,40.0,2020-03-08,Vaud,22,VD,799145,5.0,0.005
2020-03-09,VD,51.0,,VD,46.5613135,6.536765,51.0,2020-03-09,Vaud,22,VD,799145,6.4,0.006
2020-03-10,VD,77.0,,VD,46.5613135,6.536765,77.0,2020-03-10,Vaud,22,VD,799145,9.6,0.01
2020-03-11,VD,108.0,,VD,46.5613135,6.536765,108.0,2020-03-11,Vaud,22,VD,799145,13.5,0.014
2020-03-12,VD,156.0,,VD,46.5613135,6.536765,156.0,2020-03-12,Vaud,22,VD,799145,19.5,0.02
2020-03-13,VD,204.0,,VD,46.5613135,6.536765,204.0,2020-03-13,Vaud,22,VD,799145,25.5,0.026
2020-03-14,VD,350.0,,VD,46.5613135,6.536765,350.0,2020-03-14,Vaud,22,VD,799145,43.8,0.044
2020-03-15,VD,406.0,,VD,46.5613135,6.536765,406.0,2020-03-15,Vaud,22,VD,799145,50.8,0.051
2020-03-16,VD,508.0,,VD,46.5613135,6.536765,508.0,2020-03-16,Vaud,22,VD,799145,63.6,0.064
2020-03-17,VD,608.0,,VD,46.5613135,6.536765,608.0,2020-03-17,Vaud,22,VD,799145,76.1,0.076
2020-03-18,VD,796.0,,VD,46.5613135,6.536765,796.0,2020-03-18,Vaud,22,VD,799145,99.6,0.1
2020-03-19,VD,1212.0,,VD,46.5613135,6.536765,1212.0,2020-03-19,Vaud,22,VD,799145,151.7,0.152
2020-03-20,VD,1432.0,,VD,46.5613135,6.536765,1432.0,2020-03-20,Vaud,22,VD,799145,179.2,0.179
2020-03-21,VD,1676.0,,VD,46.5613135,6.536765,1676.0,2020-03-21,Vaud,22,VD,799145,209.7,0.21
2020-03-22,VD,1782.0,,VD,46.5613135,6.536765,1782.0,2020-03-22,Vaud,22,VD,799145,223.0,0.223
2020-03-23,VD,1822.0,,VD,46.5613135,6.536765,1822.0,2020-03-23,Vaud,22,VD,799145,228.0,0.228
2020-03-24,VD,2162.0,,VD,46.5613135,6.536765,2162.0,2020-03-24,Vaud,22,VD,799145,270.5,0.27
2020-03-25,VD,2215.0,,VD,46.5613135,6.536765,2215.0,2020-03-25,Vaud,22,VD,799145,277.2,0.277
2020-03-26,VD,2532.0,,VD,46.5613135,6.536765,2532.0,2020-03-26,Vaud,22,VD,799145,316.8,0.317
2020-03-27,VD,2745.0,,VD,46.5613135,6.536765,2745.0,2020-03-27,Vaud,22,VD,799145,343.5,0.344
2020-03-28,VD,2936.0,,VD,46.5613135,6.536765,2936.0,2020-03-28,Vaud,22,VD,799145,367.4,0.367
2020-03-29,VD,3168.0,,VD,46.5613135,6.536765,3168.0,2020-03-29,Vaud,22,VD,799145,396.4,0.396
2020-03-30,VD,3272.0,,VD,46.5613135,6.536765,3272.0,2020-03-30,Vaud,22,VD,799145,409.4,0.409
2020-03-31,VD,3465.0,,VD,46.5613135,6.536765,3465.0,2020-03-31,Vaud,22,VD,799145,433.6,0.434
2020-04-01,VD,3639.0,,VD,46.5613135,6.536765,3639.0,2020-04-01,Vaud,22,VD,799145,455.4,0.455
2020-04-02,VD,3796.0,,VD,46.5613135,6.536765,3796.0,2020-04-02,Vaud,22,VD,799145,475.0,0.475
2020-04-03,VD,3915.0,,VD,46.5613135,6.536765,3915.0,2020-04-03,Vaud,22,VD,799145,489.9,0.49
2020-04-04,VD,4035.0,,VD,46.5613135,6.536765,4035.0,2020-04-04,Vaud,22,VD,799145,504.9,0.505
2020-04-05,VD,4115.0,,VD,46.5613135,6.536765,4115.0,2020-04-05,Vaud,22,VD,799145,514.9,0.515
2020-04-06,VD,4155.0,,VD,46.5613135,6.536765,4155.0,2020-04-06,Vaud,22,VD,799145,519.9,0.52
2020-04-07,VD,4155.0,Données manquantes,VD,46.5613135,6.536765,4155.0,2020-04-07,Vaud,22,VD,799145,519.9,0.52
2020-03-07,VS,0.0,,VS,46.1904614,7.5449226,0.0,2020-03-07,Valais,23,VS,343955,0.0,0.0
2020-03-08,VS,7.0,,VS,46.1904614,7.5449226,7.0,2020-03-08,Valais,23,VS,343955,2.0,0.002
2020-03-09,VS,12.0,,VS,46.1904614,7.5449226,12.0,2020-03-09,Valais,23,VS,343955,3.5,0.004
2020-03-10,VS,17.0,,VS,46.1904614,7.5449226,17.0,2020-03-10,Valais,23,VS,343955,4.9,0.005
2020-03-11,VS,22.0,,VS,46.1904614,7.5449226,22.0,2020-03-11,Valais,23,VS,343955,6.4,0.006
2020-03-12,VS,30.0,,VS,46.1904614,7.5449226,30.0,2020-03-12,Valais,23,VS,343955,8.7,0.009
2020-03-13,VS,53.0,,VS,46.1904614,7.5449226,53.0,2020-03-13,Valais,23,VS,343955,15.4,0.015
2020-03-14,VS,76.0,,VS,46.1904614,7.5449226,76.0,2020-03-14,Valais,23,VS,343955,22.1,0.022
2020-03-15,VS,98.0,,VS,46.1904614,7.5449226,98.0,2020-03-15,Valais,23,VS,343955,28.5,0.028
2020-03-16,VS,116.0,,VS,46.1904614,7.5449226,116.0,2020-03-16,Valais,23,VS,343955,33.7,0.034
2020-03-17,VS,173.0,,VS,46.1904614,7.5449226,173.0,2020-03-17,Valais,23,VS,343955,50.3,0.05
2020-03-18,VS,225.0,,VS,46.1904614,7.5449226,225.0,2020-03-18,Valais,23,VS,343955,65.4,0.065
2020-03-19,VS,311.0,,VS,46.1904614,7.5449226,311.0,2020-03-19,Valais,23,VS,343955,90.4,0.09
2020-03-20,VS,346.0,,VS,46.1904614,7.5449226,346.0,2020-03-20,Valais,23,VS,343955,100.6,0.101
2020-03-21,VS,433.0,,VS,46.1904614,7.5449226,433.0,2020-03-21,Valais,23,VS,343955,125.9,0.126
2020-03-22,VS,490.0,,VS,46.1904614,7.5449226,490.0,2020-03-22,Valais,23,VS,343955,142.5,0.142
2020-03-23,VS,527.0,,VS,46.1904614,7.5449226,527.0,2020-03-23,Valais,23,VS,343955,153.2,0.153
2020-03-24,VS,606.0,,VS,46.1904614,7.5449226,606.0,2020-03-24,Valais,23,VS,343955,176.2,0.176
2020-03-25,VS,651.0,,VS,46.1904614,7.5449226,651.0,2020-03-25,Valais,23,VS,343955,189.3,0.189
2020-03-26,VS,715.0,,VS,46.1904614,7.5449226,715.0,2020-03-26,Valais,23,VS,343955,207.9,0.208
2020-03-27,VS,808.0,,VS,46.1904614,7.5449226,808.0,2020-03-27,Valais,23,VS,343955,234.9,0.235
2020-03-28,VS,902.0,,VS,46.1904614,7.5449226,902.0,2020-03-28,Valais,23,VS,343955,262.2,0.262
2020-03-29,VS,964.0,,VS,46.1904614,7.5449226,964.0,2020-03-29,Valais,23,VS,343955,280.3,0.28
2020-03-30,VS,1000.0,,VS,46.1904614,7.5449226,1000.0,2020-03-30,Valais,23,VS,343955,290.7,0.291
2020-03-31,VS,1085.0,,VS,46.1904614,7.5449226,1085.0,2020-03-31,Valais,23,VS,343955,315.4,0.315
2020-04-01,VS,1145.0,,VS,46.1904614,7.5449226,1145.0,2020-04-01,Valais,23,VS,343955,332.9,0.333
2020-04-02,VS,1218.0,,VS,46.1904614,7.5449226,1218.0,2020-04-02,Valais,23,VS,343955,354.1,0.354
2020-04-03,VS,1273.0,,VS,46.1904614,7.5449226,1273.0,2020-04-03,Valais,23,VS,343955,370.1,0.37
2020-04-04,VS,1319.0,,VS,46.1904614,7.5449226,1319.0,2020-04-04,Valais,23,VS,343955,383.5,0.384
2020-04-05,VS,1356.0,,VS,46.1904614,7.5449226,1356.0,2020-04-05,Valais,23,VS,343955,394.2,0.394
2020-04-06,VS,1400.0,,VS,46.1904614,7.5449226,1400.0,2020-04-06,Valais,23,VS,343955,407.0,0.407
2020-04-07,VS,1436.0,,VS,46.1904614,7.5449226,1436.0,2020-04-07,Valais,23,VS,343955,417.5,0.418
2020-03-07,ZG,0.0,,ZG,47.1661672,8.5154946,0.0,2020-03-07,Zoug,9,ZG,126837,0.0,0.0
2020-03-08,ZG,0.0,,ZG,47.1661672,8.5154946,0.0,2020-03-08,Zoug,9,ZG,126837,0.0,0.0
2020-03-09,ZG,0.0,,ZG,47.1661672,8.5154946,0.0,2020-03-09,Zoug,9,ZG,126837,0.0,0.0
2020-03-10,ZG,0.0,,ZG,47.1661672,8.5154946,0.0,2020-03-10,Zoug,9,ZG,126837,0.0,0.0
2020-03-11,ZG,0.0,,ZG,47.1661672,8.5154946,0.0,2020-03-11,Zoug,9,ZG,126837,0.0,0.0
2020-03-12,ZG,0.0,,ZG,47.1661672,8.5154946,0.0,2020-03-12,Zoug,9,ZG,126837,0.0,0.0
2020-03-13,ZG,13.0,,ZG,47.1661672,8.5154946,13.0,2020-03-13,Zoug,9,ZG,126837,10.2,0.01
2020-03-14,ZG,13.0,,ZG,47.1661672,8.5154946,13.0,2020-03-14,Zoug,9,ZG,126837,10.2,0.01
2020-03-15,ZG,13.0,Données manquantes,ZG,47.1661672,8.5154946,13.0,2020-03-15,Zoug,9,ZG,126837,10.2,0.01
2020-03-16,ZG,24.0,,ZG,47.1661672,8.5154946,24.0,2020-03-16,Zoug,9,ZG,126837,18.9,0.019
2020-03-17,ZG,24.0,Données manquantes,ZG,47.1661672,8.5154946,24.0,2020-03-17,Zoug,9,ZG,126837,18.9,0.019
2020-03-18,ZG,24.0,Données manquantes,ZG,47.1661672,8.5154946,24.0,2020-03-18,Zoug,9,ZG,126837,18.9,0.019
2020-03-19,ZG,24.0,Données manquantes,ZG,47.1661672,8.5154946,24.0,2020-03-19,Zoug,9,ZG,126837,18.9,0.019
2020-03-20,ZG,48.0,,ZG,47.1661672,8.5154946,48.0,2020-03-20,Zoug,9,ZG,126837,37.8,0.038
2020-03-21,ZG,48.0,Données manquantes,ZG,47.1661672,8.5154946,48.0,2020-03-21,Zoug,9,ZG,126837,37.8,0.038
2020-03-22,ZG,48.0,Données manquantes,ZG,47.1661672,8.5154946,48.0,2020-03-22,Zoug,9,ZG,126837,37.8,0.038
2020-03-23,ZG,62.0,,ZG,47.1661672,8.5154946,62.0,2020-03-23,Zoug,9,ZG,126837,48.9,0.049
2020-03-24,ZG,72.0,,ZG,47.1661672,8.5154946,72.0,2020-03-24,Zoug,9,ZG,126837,56.8,0.057
2020-03-25,ZG,80.0,,ZG,47.1661672,8.5154946,80.0,2020-03-25,Zoug,9,ZG,126837,63.1,0.063
2020-03-26,ZG,87.0,,ZG,47.1661672,8.5154946,87.0,2020-03-26,Zoug,9,ZG,126837,68.6,0.069
2020-03-27,ZG,101.0,,ZG,47.1661672,8.5154946,101.0,2020-03-27,Zoug,9,ZG,126837,79.6,0.08
2020-03-28,ZG,101.0,Données manquantes,ZG,47.1661672,8.5154946,101.0,2020-03-28,Zoug,9,ZG,126837,79.6,0.08
2020-03-29,ZG,101.0,Données manquantes,ZG,47.1661672,8.5154946,101.0,2020-03-29,Zoug,9,ZG,126837,79.6,0.08
2020-03-30,ZG,112.0,,ZG,47.1661672,8.5154946,112.0,2020-03-30,Zoug,9,ZG,126837,88.3,0.088
2020-03-31,ZG,114.0,,ZG,47.1661672,8.5154946,114.0,2020-03-31,Zoug,9,ZG,126837,89.9,0.09
2020-04-01,ZG,125.0,,ZG,47.1661672,8.5154946,125.0,2020-04-01,Zoug,9,ZG,126837,98.6,0.099
2020-04-02,ZG,131.0,,ZG,47.1661672,8.5154946,131.0,2020-04-02,Zoug,9,ZG,126837,103.3,0.103
2020-04-03,ZG,138.0,,ZG,47.1661672,8.5154946,138.0,2020-04-03,Zoug,9,ZG,126837,108.8,0.109
2020-04-04,ZG,146.0,,ZG,47.1661672,8.5154946,146.0,2020-04-04,Zoug,9,ZG,126837,115.1,0.115
2020-04-05,ZG,146.0,Données manquantes,ZG,47.1661672,8.5154946,146.0,2020-04-05,Zoug,9,ZG,126837,115.1,0.115
2020-04-06,ZG,152.0,,ZG,47.1661672,8.5154946,152.0,2020-04-06,Zoug,9,ZG,126837,119.8,0.12
2020-04-07,ZG,157.0,,ZG,47.1661672,8.5154946,157.0,2020-04-07,Zoug,9,ZG,126837,123.8,0.124
2020-03-07,ZH,30.0,,ZH,47.3768866,8.541694,30.0,2020-03-07,Zurich,1,ZH,1520968,2.0,0.002
2020-03-08,ZH,37.0,,ZH,47.3768866,8.541694,37.0,2020-03-08,Zurich,1,ZH,1520968,2.4,0.002
2020-03-09,ZH,40.0,,ZH,47.3768866,8.541694,40.0,2020-03-09,Zurich,1,ZH,1520968,2.6,0.003
2020-03-10,ZH,49.0,,ZH,47.3768866,8.541694,49.0,2020-03-10,Zurich,1,ZH,1520968,3.2,0.003
2020-03-11,ZH,59.0,,ZH,47.3768866,8.541694,59.0,2020-03-11,Zurich,1,ZH,1520968,3.9,0.004
2020-03-12,ZH,92.0,,ZH,47.3768866,8.541694,92.0,2020-03-12,Zurich,1,ZH,1520968,6.0,0.006
2020-03-13,ZH,140.0,,ZH,47.3768866,8.541694,140.0,2020-03-13,Zurich,1,ZH,1520968,9.2,0.009
2020-03-14,ZH,140.0,Données manquantes,ZH,47.3768866,8.541694,140.0,2020-03-14,Zurich,1,ZH,1520968,9.2,0.009
2020-03-15,ZH,140.0,Données manquantes,ZH,47.3768866,8.541694,140.0,2020-03-15,Zurich,1,ZH,1520968,9.2,0.009
2020-03-16,ZH,270.0,,ZH,47.3768866,8.541694,270.0,2020-03-16,Zurich,1,ZH,1520968,17.8,0.018
2020-03-17,ZH,294.0,,ZH,47.3768866,8.541694,294.0,2020-03-17,Zurich,1,ZH,1520968,19.3,0.019
2020-03-18,ZH,424.0,,ZH,47.3768866,8.541694,424.0,2020-03-18,Zurich,1,ZH,1520968,27.9,0.028
2020-03-19,ZH,526.0,,ZH,47.3768866,8.541694,526.0,2020-03-19,Zurich,1,ZH,1520968,34.6,0.035
2020-03-20,ZH,773.0,,ZH,47.3768866,8.541694,773.0,2020-03-20,Zurich,1,ZH,1520968,50.8,0.051
2020-03-21,ZH,773.0,Données manquantes,ZH,47.3768866,8.541694,773.0,2020-03-21,Zurich,1,ZH,1520968,50.8,0.051
2020-03-22,ZH,773.0,Données manquantes,ZH,47.3768866,8.541694,773.0,2020-03-22,Zurich,1,ZH,1520968,50.8,0.051
2020-03-23,ZH,1068.0,,ZH,47.3768866,8.541694,1068.0,2020-03-23,Zurich,1,ZH,1520968,70.2,0.07
2020-03-24,ZH,1211.0,,ZH,47.3768866,8.541694,1211.0,2020-03-24,Zurich,1,ZH,1520968,79.6,0.08
2020-03-25,ZH,1363.0,,ZH,47.3768866,8.541694,1363.0,2020-03-25,Zurich,1,ZH,1520968,89.6,0.09
2020-03-26,ZH,1476.0,,ZH,47.3768866,8.541694,1476.0,2020-03-26,Zurich,1,ZH,1520968,97.0,0.097
2020-03-27,ZH,1578.0,,ZH,47.3768866,8.541694,1578.0,2020-03-27,Zurich,1,ZH,1520968,103.7,0.104
2020-03-28,ZH,1720.0,,ZH,47.3768866,8.541694,1720.0,2020-03-28,Zurich,1,ZH,1520968,113.1,0.113
2020-03-29,ZH,1758.0,,ZH,47.3768866,8.541694,1758.0,2020-03-29,Zurich,1,ZH,1520968,115.6,0.116
2020-03-30,ZH,1874.0,,ZH,47.3768866,8.541694,1874.0,2020-03-30,Zurich,1,ZH,1520968,123.2,0.123
2020-03-31,ZH,1960.0,,ZH,47.3768866,8.541694,1960.0,2020-03-31,Zurich,1,ZH,1520968,128.9,0.129
2020-04-01,ZH,2148.0,,ZH,47.3768866,8.541694,2148.0,2020-04-01,Zurich,1,ZH,1520968,141.2,0.141
2020-04-02,ZH,2323.0,,ZH,47.3768866,8.541694,2323.0,2020-04-02,Zurich,1,ZH,1520968,152.7,0.153
2020-04-03,ZH,2452.0,,ZH,47.3768866,8.541694,2452.0,2020-04-03,Zurich,1,ZH,1520968,161.2,0.161
2020-04-04,ZH,2492.0,,ZH,47.3768866,8.541694,2492.0,2020-04-04,Zurich,1,ZH,1520968,163.8,0.164
2020-04-05,ZH,2522.0,,ZH,47.3768866,8.541694,2522.0,2020-04-05,Zurich,1,ZH,1520968,165.8,0.166
2020-04-06,ZH,2590.0,,ZH,47.3768866,8.541694,2590.0,2020-04-06,Zurich,1,ZH,1520968,170.3,0.17
2020-04-07,ZH,2719.0,,ZH,47.3768866,8.541694,2719.0,2020-04-07,Zurich,1,ZH,1520968,178.8,0.179
